respondent,period,demand,lag_1h,lag_24h,lag_168h,hour_of_day,day_of_week,is_weekend
CISO,2026-05-23 21:00:00,24029.0,23287.0,26038.0,23596.0,21.0,6.0,1
CISO,2026-05-23 22:00:00,23760.0,24029.0,26785.0,24416.0,22.0,6.0,1
CISO,2026-05-23 23:00:00,23813.0,23760.0,26661.0,23280.0,23.0,6.0,1
CISO,2026-05-24 00:00:00,23585.0,23813.0,27528.0,22722.0,0.0,0.0,1
CISO,2026-05-24 01:00:00,24686.0,23585.0,28606.0,23787.0,1.0,0.0,1
CISO,2026-05-24 02:00:00,25934.0,24686.0,29301.0,24368.0,2.0,0.0,1
CISO,2026-05-24 03:00:00,26545.0,25934.0,29298.0,24910.0,3.0,0.0,1
CISO,2026-05-24 04:00:00,26873.0,26545.0,29139.0,25595.0,4.0,0.0,1
CISO,2026-05-24 05:00:00,26634.0,26873.0,28586.0,25567.0,5.0,0.0,1
CISO,2026-05-24 06:00:00,25275.0,26634.0,27163.0,24432.0,6.0,0.0,1
CISO,2026-05-24 07:00:00,23960.0,25275.0,25648.0,23267.0,7.0,0.0,1
CISO,2026-05-24 08:00:00,23422.0,23960.0,24819.0,22538.0,8.0,0.0,1
CISO,2026-05-24 09:00:00,22196.0,23422.0,23634.0,21618.0,9.0,0.0,1
CISO,2026-05-24 10:00:00,21608.0,22196.0,22380.0,20708.0,10.0,0.0,1
CISO,2026-05-24 11:00:00,20857.0,21608.0,21763.0,20312.0,11.0,0.0,1
CISO,2026-05-24 12:00:00,20352.0,20857.0,21342.0,19991.0,12.0,0.0,1
CISO,2026-05-24 13:00:00,20586.0,20352.0,21421.0,20088.0,13.0,0.0,1
CISO,2026-05-24 14:00:00,20300.0,20586.0,21729.0,19959.0,14.0,0.0,1
CISO,2026-05-24 15:00:00,22160.0,20300.0,23593.0,21545.0,15.0,0.0,1
CISO,2026-05-24 16:00:00,24660.0,22160.0,24616.0,21943.0,16.0,0.0,1
CISO,2026-05-24 17:00:00,24716.0,24660.0,25015.0,21387.0,17.0,0.0,1
CISO,2026-05-24 18:00:00,24699.0,24716.0,24879.0,21827.0,18.0,0.0,1
CISO,2026-05-24 19:00:00,23984.0,24699.0,23477.0,20656.0,19.0,0.0,1
CISO,2026-05-24 20:00:00,23626.0,23984.0,23287.0,21509.0,20.0,0.0,1
CISO,2026-05-24 21:00:00,23032.0,23626.0,24029.0,20289.0,21.0,0.0,1
CISO,2026-05-24 22:00:00,21596.0,23032.0,23760.0,20199.0,22.0,0.0,1
CISO,2026-05-24 23:00:00,21134.0,21596.0,23813.0,19509.0,23.0,0.0,1
CISO,2026-05-25 00:00:00,21570.0,21134.0,23585.0,19609.0,0.0,1.0,0
CISO,2026-05-25 01:00:00,23422.0,21570.0,24686.0,21426.0,1.0,1.0,0
CISO,2026-05-25 02:00:00,24805.0,23422.0,25934.0,23044.0,2.0,1.0,0
CISO,2026-05-25 03:00:00,25567.0,24805.0,26545.0,24340.0,3.0,1.0,0
CISO,2026-05-25 04:00:00,25931.0,25567.0,26873.0,25064.0,4.0,1.0,0
CISO,2026-05-25 05:00:00,25707.0,25931.0,26634.0,24888.0,5.0,1.0,0
CISO,2026-05-25 06:00:00,24542.0,25707.0,25275.0,23782.0,6.0,1.0,0
CISO,2026-05-25 07:00:00,23334.0,24542.0,23960.0,22489.0,7.0,1.0,0
CISO,2026-05-25 08:00:00,22495.0,23334.0,23422.0,21878.0,8.0,1.0,0
CISO,2026-05-25 09:00:00,21454.0,22495.0,22196.0,21025.0,9.0,1.0,0
CISO,2026-05-25 10:00:00,20700.0,21454.0,21608.0,20457.0,10.0,1.0,0
CISO,2026-05-25 11:00:00,20391.0,20700.0,20857.0,20163.0,11.0,1.0,0
CISO,2026-05-25 12:00:00,20145.0,20391.0,20352.0,20457.0,12.0,1.0,0
CISO,2026-05-25 13:00:00,20176.0,20145.0,20586.0,21296.0,13.0,1.0,0
CISO,2026-05-25 14:00:00,20381.0,20176.0,20300.0,22403.0,14.0,1.0,0
CISO,2026-05-25 15:00:00,22291.0,20381.0,22160.0,24088.0,15.0,1.0,0
CISO,2026-05-25 16:00:00,24378.0,22291.0,24660.0,25123.0,16.0,1.0,0
CISO,2026-05-25 17:00:00,24972.0,24378.0,24716.0,25109.0,17.0,1.0,0
CISO,2026-05-25 18:00:00,24651.0,24972.0,24699.0,24342.0,18.0,1.0,0
CISO,2026-05-25 19:00:00,24330.0,24651.0,23984.0,23676.0,19.0,1.0,0
CISO,2026-05-25 20:00:00,24239.0,24330.0,23626.0,24268.0,20.0,1.0,0
CISO,2026-05-25 21:00:00,23965.0,24239.0,23032.0,24369.0,21.0,1.0,0
CISO,2026-05-25 22:00:00,22920.0,23965.0,21596.0,24570.0,22.0,1.0,0
CISO,2026-05-25 23:00:00,22781.0,22920.0,21134.0,24436.0,23.0,1.0,0
CISO,2026-05-26 00:00:00,22696.0,22781.0,21570.0,24821.0,0.0,2.0,0
CISO,2026-05-26 01:00:00,24419.0,22696.0,23422.0,25825.0,1.0,2.0,0
CISO,2026-05-26 02:00:00,25717.0,24419.0,24805.0,27273.0,2.0,2.0,0
CISO,2026-05-26 03:00:00,26164.0,25717.0,25567.0,28480.0,3.0,2.0,0
CISO,2026-05-26 04:00:00,26707.0,26164.0,25931.0,28599.0,4.0,2.0,0
CISO,2026-05-26 05:00:00,26319.0,26707.0,25707.0,27921.0,5.0,2.0,0
CISO,2026-05-26 06:00:00,24891.0,26319.0,24542.0,26460.0,6.0,2.0,0
CISO,2026-05-26 07:00:00,23493.0,24891.0,23334.0,24715.0,7.0,2.0,0
CISO,2026-05-26 08:00:00,22738.0,23493.0,22495.0,23730.0,8.0,2.0,0
CISO,2026-05-26 09:00:00,21743.0,22738.0,21454.0,22462.0,9.0,2.0,0
CISO,2026-05-26 10:00:00,20876.0,21743.0,20700.0,21628.0,10.0,2.0,0
CISO,2026-05-26 11:00:00,20617.0,20876.0,20391.0,21289.0,11.0,2.0,0
CISO,2026-05-26 12:00:00,20928.0,20617.0,20145.0,21608.0,12.0,2.0,0
CISO,2026-05-26 13:00:00,21653.0,20928.0,20176.0,22420.0,13.0,2.0,0
CISO,2026-05-26 14:00:00,22885.0,21653.0,20381.0,23797.0,14.0,2.0,0
CISO,2026-05-26 15:00:00,25081.0,22885.0,22291.0,25575.0,15.0,2.0,0
CISO,2026-05-26 16:00:00,26485.0,25081.0,24378.0,27044.0,16.0,2.0,0
CISO,2026-05-26 17:00:00,26906.0,26485.0,24972.0,27952.0,17.0,2.0,0
CISO,2026-05-26 18:00:00,26133.0,26906.0,24651.0,28139.0,18.0,2.0,0
CISO,2026-05-26 19:00:00,25629.0,26133.0,24330.0,27395.0,19.0,2.0,0
CISO,2026-05-26 20:00:00,26022.0,25629.0,24239.0,26755.0,20.0,2.0,0
CISO,2026-05-26 21:00:00,25410.0,26022.0,23965.0,26552.0,21.0,2.0,0
CISO,2026-05-26 22:00:00,25649.0,25410.0,22920.0,26547.0,22.0,2.0,0
CISO,2026-05-26 23:00:00,25466.0,25649.0,22781.0,27138.0,23.0,2.0,0
CISO,2026-05-27 00:00:00,25167.0,25466.0,22696.0,27409.0,0.0,3.0,0
CISO,2026-05-27 01:00:00,25311.0,25167.0,24419.0,28709.0,1.0,3.0,0
CISO,2026-05-27 02:00:00,25456.0,25311.0,25717.0,30001.0,2.0,3.0,0
CISO,2026-05-27 03:00:00,25968.0,25456.0,26164.0,30708.0,3.0,3.0,0
CISO,2026-05-27 04:00:00,26563.0,25968.0,26707.0,30718.0,4.0,3.0,0
CISO,2026-05-27 05:00:00,26395.0,26563.0,26319.0,29742.0,5.0,3.0,0
CISO,2026-05-27 06:00:00,25243.0,26395.0,24891.0,27883.0,6.0,3.0,0
CISO,2026-05-27 07:00:00,24402.0,25243.0,23493.0,25738.0,7.0,3.0,0
CISO,2026-05-27 08:00:00,23211.0,24402.0,22738.0,24709.0,8.0,3.0,0
CISO,2026-05-27 09:00:00,22347.0,23211.0,21743.0,23422.0,9.0,3.0,0
CISO,2026-05-27 10:00:00,21543.0,22347.0,20876.0,22430.0,10.0,3.0,0
CISO,2026-05-27 11:00:00,21323.0,21543.0,20617.0,22362.0,11.0,3.0,0
CISO,2026-05-27 12:00:00,21397.0,21323.0,20928.0,22098.0,12.0,3.0,0
CISO,2026-05-27 13:00:00,22369.0,21397.0,21653.0,22743.0,13.0,3.0,0
CISO,2026-05-27 14:00:00,23577.0,22369.0,22885.0,23634.0,14.0,3.0,0
CISO,2026-05-27 15:00:00,25441.0,23577.0,25081.0,25204.0,15.0,3.0,0
CISO,2026-05-27 16:00:00,27533.0,25441.0,26485.0,27259.0,16.0,3.0,0
CISO,2026-05-27 17:00:00,27541.0,27533.0,26906.0,28494.0,17.0,3.0,0
CISO,2026-05-27 18:00:00,27551.0,27541.0,26133.0,28269.0,18.0,3.0,0
CISO,2026-05-27 19:00:00,27038.0,27551.0,25629.0,27834.0,19.0,3.0,0
CISO,2026-05-27 20:00:00,25940.0,27038.0,26022.0,27757.0,20.0,3.0,0
CISO,2026-05-27 21:00:00,26051.0,25940.0,25410.0,28436.0,21.0,3.0,0
CISO,2026-05-27 22:00:00,25699.0,26051.0,25649.0,29215.0,22.0,3.0,0
CISO,2026-05-27 23:00:00,25515.0,25699.0,25466.0,29941.0,23.0,3.0,0
CISO,2026-05-28 00:00:00,25045.0,25515.0,25167.0,30359.0,0.0,4.0,0
CISO,2026-05-28 01:00:00,24721.0,25045.0,25311.0,30879.0,1.0,4.0,0
CISO,2026-05-28 02:00:00,25252.0,24721.0,25456.0,31696.0,2.0,4.0,0
CISO,2026-05-28 03:00:00,26331.0,25252.0,25968.0,31905.0,3.0,4.0,0
CISO,2026-05-28 04:00:00,26891.0,26331.0,26563.0,31730.0,4.0,4.0,0
CISO,2026-05-28 05:00:00,26563.0,26891.0,26395.0,30699.0,5.0,4.0,0
CISO,2026-05-28 06:00:00,25389.0,26563.0,25243.0,28698.0,6.0,4.0,0
CISO,2026-05-28 07:00:00,24406.0,25389.0,24402.0,26419.0,7.0,4.0,0
CISO,2026-05-28 08:00:00,23575.0,24406.0,23211.0,25335.0,8.0,4.0,0
CISO,2026-05-28 09:00:00,22489.0,23575.0,22347.0,23957.0,9.0,4.0,0
CISO,2026-05-28 10:00:00,21800.0,22489.0,21543.0,22709.0,10.0,4.0,0
CISO,2026-05-28 11:00:00,21125.0,21800.0,21323.0,22305.0,11.0,4.0,0
CISO,2026-05-28 12:00:00,21425.0,21125.0,21397.0,22281.0,12.0,4.0,0
CISO,2026-05-28 13:00:00,22266.0,21425.0,22369.0,23021.0,13.0,4.0,0
CISO,2026-05-28 14:00:00,23265.0,22266.0,23577.0,24051.0,14.0,4.0,0
CISO,2026-05-28 15:00:00,25251.0,23265.0,25441.0,26113.0,15.0,4.0,0
CISO,2026-05-28 16:00:00,26510.0,25251.0,27533.0,27568.0,16.0,4.0,0
CISO,2026-05-28 17:00:00,26717.0,26510.0,27541.0,28092.0,17.0,4.0,0
CISO,2026-05-28 18:00:00,26731.0,26717.0,27551.0,28173.0,18.0,4.0,0
CISO,2026-05-28 19:00:00,27303.0,26731.0,27038.0,27955.0,19.0,4.0,0
CISO,2026-05-28 20:00:00,26338.0,27303.0,25940.0,28515.0,20.0,4.0,0
CISO,2026-05-28 21:00:00,26066.0,26338.0,26051.0,29389.0,21.0,4.0,0
CISO,2026-05-28 22:00:00,25795.0,26066.0,25699.0,30267.0,22.0,4.0,0
CISO,2026-05-28 23:00:00,24739.0,25795.0,25515.0,31151.0,23.0,4.0,0
CISO,2026-05-29 00:00:00,23918.0,24739.0,25045.0,31784.0,0.0,5.0,0
CISO,2026-05-29 01:00:00,23925.0,23918.0,24721.0,31428.0,1.0,5.0,0
CISO,2026-05-29 02:00:00,24703.0,23925.0,25252.0,31699.0,2.0,5.0,0
CISO,2026-05-29 03:00:00,25447.0,24703.0,26331.0,31640.0,3.0,5.0,0
CISO,2026-05-29 04:00:00,26400.0,25447.0,26891.0,31201.0,4.0,5.0,0
CISO,2026-05-29 05:00:00,26235.0,26400.0,26563.0,30662.0,5.0,5.0,0
CISO,2026-05-29 06:00:00,25295.0,26235.0,25389.0,28556.0,6.0,5.0,0
CISO,2026-05-29 07:00:00,23875.0,25295.0,24406.0,26355.0,7.0,5.0,0
CISO,2026-05-29 08:00:00,23383.0,23875.0,23575.0,25582.0,8.0,5.0,0
CISO,2026-05-29 09:00:00,22363.0,23383.0,22489.0,24065.0,9.0,5.0,0
CISO,2026-05-29 10:00:00,21615.0,22363.0,21800.0,23023.0,10.0,5.0,0
CISO,2026-05-29 11:00:00,21095.0,21615.0,21125.0,22664.0,11.0,5.0,0
CISO,2026-05-29 12:00:00,21177.0,21095.0,21425.0,22592.0,12.0,5.0,0
CISO,2026-05-29 13:00:00,22250.0,21177.0,22266.0,23340.0,13.0,5.0,0
CISO,2026-05-29 14:00:00,23336.0,22250.0,23265.0,24495.0,14.0,5.0,0
CISO,2026-05-29 15:00:00,25797.0,23336.0,25251.0,26930.0,15.0,5.0,0
CISO,2026-05-29 16:00:00,27538.0,25797.0,26510.0,29417.0,16.0,5.0,0
CISO,2026-05-29 17:00:00,28144.0,27538.0,26717.0,29991.0,17.0,5.0,0
CISO,2026-05-29 18:00:00,27322.0,28144.0,26731.0,29490.0,18.0,5.0,0
CISO,2026-05-29 19:00:00,26288.0,27322.0,27303.0,28005.0,19.0,5.0,0
CISO,2026-05-29 20:00:00,26999.0,26288.0,26338.0,27008.0,20.0,5.0,0
CISO,2026-05-29 21:00:00,27263.0,26999.0,26066.0,26038.0,21.0,5.0,0
CISO,2026-05-29 22:00:00,27341.0,27263.0,25795.0,26785.0,22.0,5.0,0
CISO,2026-05-29 23:00:00,26526.0,27341.0,24739.0,26661.0,23.0,5.0,0
CISO,2026-05-30 00:00:00,24907.0,26526.0,23918.0,27528.0,0.0,6.0,1
CISO,2026-05-30 01:00:00,24499.0,24907.0,23925.0,28606.0,1.0,6.0,1
CISO,2026-05-30 02:00:00,25481.0,24499.0,24703.0,29301.0,2.0,6.0,1
CISO,2026-05-30 03:00:00,26233.0,25481.0,25447.0,29298.0,3.0,6.0,1
CISO,2026-05-30 04:00:00,26916.0,26233.0,26400.0,29139.0,4.0,6.0,1
CISO,2026-05-30 05:00:00,26890.0,26916.0,26235.0,28586.0,5.0,6.0,1
CISO,2026-05-30 06:00:00,25750.0,26890.0,25295.0,27163.0,6.0,6.0,1
CISO,2026-05-30 07:00:00,24673.0,25750.0,23875.0,25648.0,7.0,6.0,1
CISO,2026-05-30 08:00:00,23814.0,24673.0,23383.0,24819.0,8.0,6.0,1
CISO,2026-05-30 09:00:00,23094.0,23814.0,22363.0,23634.0,9.0,6.0,1
CISO,2026-05-30 10:00:00,22100.0,23094.0,21615.0,22380.0,10.0,6.0,1
CISO,2026-05-30 11:00:00,21675.0,22100.0,21095.0,21763.0,11.0,6.0,1
CISO,2026-05-30 12:00:00,21595.0,21675.0,21177.0,21342.0,12.0,6.0,1
CISO,2026-05-30 13:00:00,21851.0,21595.0,22250.0,21421.0,13.0,6.0,1
CISO,2026-05-30 14:00:00,22185.0,21851.0,23336.0,21729.0,14.0,6.0,1
CISO,2026-05-30 15:00:00,23412.0,22185.0,25797.0,23593.0,15.0,6.0,1
CISO,2026-05-30 16:00:00,23715.0,23412.0,27538.0,24616.0,16.0,6.0,1
CISO,2026-05-30 17:00:00,22684.0,23715.0,28144.0,25015.0,17.0,6.0,1
CISO,2026-05-30 18:00:00,21852.0,22684.0,27322.0,24879.0,18.0,6.0,1
CISO,2026-05-30 19:00:00,21084.0,21852.0,26288.0,23477.0,19.0,6.0,1
CISO,2026-05-30 20:00:00,20953.0,21084.0,26999.0,23287.0,20.0,6.0,1
CISO,2026-05-30 21:00:00,20613.0,20953.0,27263.0,24029.0,21.0,6.0,1
CISO,2026-05-30 22:00:00,21162.0,20613.0,27341.0,23760.0,22.0,6.0,1
CISO,2026-05-30 23:00:00,20649.0,21162.0,26526.0,23813.0,23.0,6.0,1
CISO,2026-05-31 00:00:00,21790.0,20649.0,24907.0,23585.0,0.0,0.0,1
CISO,2026-05-31 01:00:00,23897.0,21790.0,24499.0,24686.0,1.0,0.0,1
CISO,2026-05-31 02:00:00,25454.0,23897.0,25481.0,25934.0,2.0,0.0,1
CISO,2026-05-31 03:00:00,25710.0,25454.0,26233.0,26545.0,3.0,0.0,1
CISO,2026-05-31 04:00:00,26197.0,25710.0,26916.0,26873.0,4.0,0.0,1
CISO,2026-05-31 05:00:00,26002.0,26197.0,26890.0,26634.0,5.0,0.0,1
CISO,2026-05-31 06:00:00,24807.0,26002.0,25750.0,25275.0,6.0,0.0,1
CISO,2026-05-31 07:00:00,23766.0,24807.0,24673.0,23960.0,7.0,0.0,1
CISO,2026-05-31 08:00:00,22896.0,23766.0,23814.0,23422.0,8.0,0.0,1
CISO,2026-05-31 09:00:00,21768.0,22896.0,23094.0,22196.0,9.0,0.0,1
CISO,2026-05-31 10:00:00,20877.0,21768.0,22100.0,21608.0,10.0,0.0,1
CISO,2026-05-31 11:00:00,20349.0,20877.0,21675.0,20857.0,11.0,0.0,1
CISO,2026-05-31 12:00:00,19956.0,20349.0,21595.0,20352.0,12.0,0.0,1
CISO,2026-05-31 13:00:00,19771.0,19956.0,21851.0,20586.0,13.0,0.0,1
CISO,2026-05-31 14:00:00,19735.0,19771.0,22185.0,20300.0,14.0,0.0,1
CISO,2026-05-31 15:00:00,21358.0,19735.0,23412.0,22160.0,15.0,0.0,1
CISO,2026-05-31 16:00:00,22136.0,21358.0,23715.0,24660.0,16.0,0.0,1
CISO,2026-05-31 17:00:00,22507.0,22136.0,22684.0,24716.0,17.0,0.0,1
CISO,2026-05-31 18:00:00,22342.0,22507.0,21852.0,24699.0,18.0,0.0,1
CISO,2026-05-31 19:00:00,22232.0,22342.0,21084.0,23984.0,19.0,0.0,1
CISO,2026-05-31 20:00:00,21511.0,22232.0,20953.0,23626.0,20.0,0.0,1
CISO,2026-05-31 21:00:00,20591.0,21511.0,20613.0,23032.0,21.0,0.0,1
CISO,2026-05-31 22:00:00,20683.0,20591.0,21162.0,21596.0,22.0,0.0,1
CISO,2026-05-31 23:00:00,20325.0,20683.0,20649.0,21134.0,23.0,0.0,1
CISO,2026-06-01 00:00:00,21689.0,20325.0,21790.0,21570.0,0.0,1.0,0
CISO,2026-06-01 01:00:00,24468.0,21689.0,23897.0,23422.0,1.0,1.0,0
CISO,2026-06-01 02:00:00,27006.0,24468.0,25454.0,24805.0,2.0,1.0,0
CISO,2026-06-01 03:00:00,28194.0,27006.0,25710.0,25567.0,3.0,1.0,0
CISO,2026-06-01 04:00:00,28210.0,28194.0,26197.0,25931.0,4.0,1.0,0
CISO,2026-06-01 05:00:00,27836.0,28210.0,26002.0,25707.0,5.0,1.0,0
CISO,2026-06-01 06:00:00,26610.0,27836.0,24807.0,24542.0,6.0,1.0,0
CISO,2026-06-01 07:00:00,24475.0,26610.0,23766.0,23334.0,7.0,1.0,0
CISO,2026-06-01 08:00:00,23484.0,24475.0,22896.0,22495.0,8.0,1.0,0
CISO,2026-06-01 09:00:00,22293.0,23484.0,21768.0,21454.0,9.0,1.0,0
CISO,2026-06-01 10:00:00,21343.0,22293.0,20877.0,20700.0,10.0,1.0,0
CISO,2026-06-01 11:00:00,20861.0,21343.0,20349.0,20391.0,11.0,1.0,0
CISO,2026-06-01 12:00:00,21026.0,20861.0,19956.0,20145.0,12.0,1.0,0
CISO,2026-06-01 13:00:00,21953.0,21026.0,19771.0,20176.0,13.0,1.0,0
CISO,2026-06-01 14:00:00,23185.0,21953.0,19735.0,20381.0,14.0,1.0,0
CISO,2026-06-01 15:00:00,25952.0,23185.0,21358.0,22291.0,15.0,1.0,0
CISO,2026-06-01 16:00:00,27986.0,25952.0,22136.0,24378.0,16.0,1.0,0
CISO,2026-06-01 17:00:00,28253.0,27986.0,22507.0,24972.0,17.0,1.0,0
CISO,2026-06-01 18:00:00,27793.0,28253.0,22342.0,24651.0,18.0,1.0,0
CISO,2026-06-01 19:00:00,28104.0,27793.0,22232.0,24330.0,19.0,1.0,0
CISO,2026-06-01 20:00:00,27714.0,28104.0,21511.0,24239.0,20.0,1.0,0
CISO,2026-06-01 21:00:00,27690.0,27714.0,20591.0,23965.0,21.0,1.0,0
CISO,2026-06-01 22:00:00,27998.0,27690.0,20683.0,22920.0,22.0,1.0,0
CISO,2026-06-01 23:00:00,28220.0,27998.0,20325.0,22781.0,23.0,1.0,0
CISO,2026-06-02 00:00:00,28990.0,28220.0,21689.0,22696.0,0.0,2.0,0
CISO,2026-06-02 01:00:00,30321.0,28990.0,24468.0,24419.0,1.0,2.0,0
CISO,2026-06-02 02:00:00,30972.0,30321.0,27006.0,25717.0,2.0,2.0,0
CISO,2026-06-02 03:00:00,31338.0,30972.0,28194.0,26164.0,3.0,2.0,0
CISO,2026-06-02 04:00:00,30954.0,31338.0,28210.0,26707.0,4.0,2.0,0
CISO,2026-06-02 05:00:00,30349.0,30954.0,27836.0,26319.0,5.0,2.0,0
CISO,2026-06-02 06:00:00,28291.0,30349.0,26610.0,24891.0,6.0,2.0,0
CISO,2026-06-02 07:00:00,26297.0,28291.0,24475.0,23493.0,7.0,2.0,0
CISO,2026-06-02 08:00:00,25235.0,26297.0,23484.0,22738.0,8.0,2.0,0
CISO,2026-06-02 09:00:00,23797.0,25235.0,22293.0,21743.0,9.0,2.0,0
CISO,2026-06-02 10:00:00,22752.0,23797.0,21343.0,20876.0,10.0,2.0,0
CISO,2026-06-02 11:00:00,22492.0,22752.0,20861.0,20617.0,11.0,2.0,0
CISO,2026-06-02 12:00:00,22289.0,22492.0,21026.0,20928.0,12.0,2.0,0
CISO,2026-06-02 13:00:00,23044.0,22289.0,21953.0,21653.0,13.0,2.0,0
CISO,2026-06-02 14:00:00,24457.0,23044.0,23185.0,22885.0,14.0,2.0,0
CISO,2026-06-02 15:00:00,26626.0,24457.0,25952.0,25081.0,15.0,2.0,0
CISO,2026-06-02 16:00:00,29017.0,26626.0,27986.0,26485.0,16.0,2.0,0
CISO,2026-06-02 17:00:00,28269.0,29017.0,28253.0,26906.0,17.0,2.0,0
CISO,2026-06-02 18:00:00,27789.0,28269.0,27793.0,26133.0,18.0,2.0,0
CISO,2026-06-02 19:00:00,28072.0,27789.0,28104.0,25629.0,19.0,2.0,0
CISO,2026-06-02 20:00:00,27288.0,28072.0,27714.0,26022.0,20.0,2.0,0
CISO,2026-06-02 21:00:00,27824.0,27288.0,27690.0,25410.0,21.0,2.0,0
CISO,2026-06-02 22:00:00,27179.0,27824.0,27998.0,25649.0,22.0,2.0,0
CISO,2026-06-02 23:00:00,27474.0,27179.0,28220.0,25466.0,23.0,2.0,0
CISO,2026-06-03 00:00:00,28129.0,27474.0,28990.0,25167.0,0.0,3.0,0
CISO,2026-06-03 01:00:00,29344.0,28129.0,30321.0,25311.0,1.0,3.0,0
CISO,2026-06-03 02:00:00,30648.0,29344.0,30972.0,25456.0,2.0,3.0,0
CISO,2026-06-03 03:00:00,30829.0,30648.0,31338.0,25968.0,3.0,3.0,0
CISO,2026-06-03 04:00:00,31153.0,30829.0,30954.0,26563.0,4.0,3.0,0
CISO,2026-06-03 05:00:00,30321.0,31153.0,30349.0,26395.0,5.0,3.0,0
CISO,2026-06-03 06:00:00,28226.0,30321.0,28291.0,25243.0,6.0,3.0,0
CISO,2026-06-03 07:00:00,26329.0,28226.0,26297.0,24402.0,7.0,3.0,0
CISO,2026-06-03 08:00:00,25280.0,26329.0,25235.0,23211.0,8.0,3.0,0
CISO,2026-06-03 09:00:00,24049.0,25280.0,23797.0,22347.0,9.0,3.0,0
CISO,2026-06-03 10:00:00,22941.0,24049.0,22752.0,21543.0,10.0,3.0,0
CISO,2026-06-03 11:00:00,22465.0,22941.0,22492.0,21323.0,11.0,3.0,0
CISO,2026-06-03 12:00:00,22488.0,22465.0,22289.0,21397.0,12.0,3.0,0
CISO,2026-06-03 13:00:00,23187.0,22488.0,23044.0,22369.0,13.0,3.0,0
CISO,2026-06-03 14:00:00,24204.0,23187.0,24457.0,23577.0,14.0,3.0,0
CISO,2026-06-03 15:00:00,26434.0,24204.0,26626.0,25441.0,15.0,3.0,0
CISO,2026-06-03 16:00:00,29115.0,26434.0,29017.0,27533.0,16.0,3.0,0
CISO,2026-06-03 17:00:00,28022.0,29115.0,28269.0,27541.0,17.0,3.0,0
CISO,2026-06-03 18:00:00,27675.0,28022.0,27789.0,27551.0,18.0,3.0,0
CISO,2026-06-03 19:00:00,27566.0,27675.0,28072.0,27038.0,19.0,3.0,0
CISO,2026-06-03 20:00:00,28161.0,27566.0,27288.0,25940.0,20.0,3.0,0
CISO,2026-06-03 21:00:00,28896.0,28161.0,27824.0,26051.0,21.0,3.0,0
CISO,2026-06-03 22:00:00,29770.0,28896.0,27179.0,25699.0,22.0,3.0,0
CISO,2026-06-03 23:00:00,30222.0,29770.0,27474.0,25515.0,23.0,3.0,0
CISO,2026-06-04 00:00:00,30621.0,30222.0,28129.0,25045.0,0.0,4.0,0
CISO,2026-06-04 01:00:00,31437.0,30621.0,29344.0,24721.0,1.0,4.0,0
CISO,2026-06-04 02:00:00,32030.0,31437.0,30648.0,25252.0,2.0,4.0,0
CISO,2026-06-04 03:00:00,32328.0,32030.0,30829.0,26331.0,3.0,4.0,0
CISO,2026-06-04 04:00:00,32173.0,32328.0,31153.0,26891.0,4.0,4.0,0
CISO,2026-06-04 05:00:00,31700.0,32173.0,30321.0,26563.0,5.0,4.0,0
CISO,2026-06-04 06:00:00,29276.0,31700.0,28226.0,25389.0,6.0,4.0,0
CISO,2026-06-04 07:00:00,27633.0,29276.0,26329.0,24406.0,7.0,4.0,0
CISO,2026-06-04 08:00:00,26030.0,27633.0,25280.0,23575.0,8.0,4.0,0
CISO,2026-06-04 09:00:00,24632.0,26030.0,24049.0,22489.0,9.0,4.0,0
CISO,2026-06-04 10:00:00,23584.0,24632.0,22941.0,21800.0,10.0,4.0,0
CISO,2026-06-04 11:00:00,22746.0,23584.0,22465.0,21125.0,11.0,4.0,0
CISO,2026-06-04 12:00:00,23002.0,22746.0,22488.0,21425.0,12.0,4.0,0
CISO,2026-06-04 13:00:00,23676.0,23002.0,23187.0,22266.0,13.0,4.0,0
CISO,2026-06-04 14:00:00,24941.0,23676.0,24204.0,23265.0,14.0,4.0,0
CISO,2026-06-04 15:00:00,27848.0,24941.0,26434.0,25251.0,15.0,4.0,0
CISO,2026-06-04 16:00:00,30855.0,27848.0,29115.0,26510.0,16.0,4.0,0
CISO,2026-06-04 17:00:00,30347.0,30855.0,28022.0,26717.0,17.0,4.0,0
CISO,2026-06-04 18:00:00,30170.0,30347.0,27675.0,26731.0,18.0,4.0,0
CISO,2026-06-04 19:00:00,29201.0,30170.0,27566.0,27303.0,19.0,4.0,0
CISO,2026-06-04 20:00:00,28835.0,29201.0,28161.0,26338.0,20.0,4.0,0
CISO,2026-06-04 21:00:00,27925.0,28835.0,28896.0,26066.0,21.0,4.0,0
CISO,2026-06-04 22:00:00,27813.0,27925.0,29770.0,25795.0,22.0,4.0,0
CISO,2026-06-04 23:00:00,29170.0,27813.0,30222.0,24739.0,23.0,4.0,0
CISO,2026-06-05 00:00:00,30394.0,29170.0,30621.0,23918.0,0.0,5.0,0
CISO,2026-06-05 01:00:00,31242.0,30394.0,31437.0,23925.0,1.0,5.0,0
CISO,2026-06-05 02:00:00,32269.0,31242.0,32030.0,24703.0,2.0,5.0,0
CISO,2026-06-05 03:00:00,32433.0,32269.0,32328.0,25447.0,3.0,5.0,0
CISO,2026-06-05 04:00:00,32128.0,32433.0,32173.0,26400.0,4.0,5.0,0
CISO,2026-06-05 05:00:00,31447.0,32128.0,31700.0,26235.0,5.0,5.0,0
CISO,2026-06-05 06:00:00,29564.0,31447.0,29276.0,25295.0,6.0,5.0,0
CISO,2026-06-05 07:00:00,27585.0,29564.0,27633.0,23875.0,7.0,5.0,0
CISO,2026-06-05 08:00:00,26438.0,27585.0,26030.0,23383.0,8.0,5.0,0
CISO,2026-06-05 09:00:00,25083.0,26438.0,24632.0,22363.0,9.0,5.0,0
CISO,2026-06-05 10:00:00,24438.0,25083.0,23584.0,21615.0,10.0,5.0,0
CISO,2026-06-05 11:00:00,23510.0,24438.0,22746.0,21095.0,11.0,5.0,0
CISO,2026-06-05 12:00:00,23311.0,23510.0,23002.0,21177.0,12.0,5.0,0
CISO,2026-06-05 13:00:00,23855.0,23311.0,23676.0,22250.0,13.0,5.0,0
CISO,2026-06-05 14:00:00,24856.0,23855.0,24941.0,23336.0,14.0,5.0,0
CISO,2026-06-05 15:00:00,26923.0,24856.0,27848.0,25797.0,15.0,5.0,0
CISO,2026-06-05 16:00:00,29996.0,26923.0,30855.0,27538.0,16.0,5.0,0
CISO,2026-06-05 17:00:00,29798.0,29996.0,30347.0,28144.0,17.0,5.0,0
CISO,2026-06-05 18:00:00,30489.0,29798.0,30170.0,27322.0,18.0,5.0,0
CISO,2026-06-05 19:00:00,30992.0,30489.0,29201.0,26288.0,19.0,5.0,0
CISO,2026-06-05 20:00:00,30769.0,30992.0,28835.0,26999.0,20.0,5.0,0
CISO,2026-06-05 21:00:00,30755.0,30769.0,27925.0,27263.0,21.0,5.0,0
CISO,2026-06-05 22:00:00,30511.0,30755.0,27813.0,27341.0,22.0,5.0,0
CISO,2026-06-05 23:00:00,30236.0,30511.0,29170.0,26526.0,23.0,5.0,0
CISO,2026-06-06 00:00:00,30672.0,30236.0,30394.0,24907.0,0.0,6.0,1
CISO,2026-06-06 01:00:00,31236.0,30672.0,31242.0,24499.0,1.0,6.0,1
CISO,2026-06-06 02:00:00,32100.0,31236.0,32269.0,25481.0,2.0,6.0,1
CISO,2026-06-06 03:00:00,32064.0,32100.0,32433.0,26233.0,3.0,6.0,1
CISO,2026-06-06 04:00:00,31440.0,32064.0,32128.0,26916.0,4.0,6.0,1
CISO,2026-06-06 05:00:00,30829.0,31440.0,31447.0,26890.0,5.0,6.0,1
CISO,2026-06-06 06:00:00,29196.0,30829.0,29564.0,25750.0,6.0,6.0,1
CISO,2026-06-06 07:00:00,27202.0,29196.0,27585.0,24673.0,7.0,6.0,1
CISO,2026-06-06 08:00:00,26263.0,27202.0,26438.0,23814.0,8.0,6.0,1
CISO,2026-06-06 09:00:00,24625.0,26263.0,25083.0,23094.0,9.0,6.0,1
CISO,2026-06-06 10:00:00,23639.0,24625.0,24438.0,22100.0,10.0,6.0,1
CISO,2026-06-06 11:00:00,22574.0,23639.0,23510.0,21675.0,11.0,6.0,1
CISO,2026-06-06 12:00:00,22329.0,22574.0,23311.0,21595.0,12.0,6.0,1
CISO,2026-06-06 13:00:00,22377.0,22329.0,23855.0,21851.0,13.0,6.0,1
CISO,2026-06-06 14:00:00,22593.0,22377.0,24856.0,22185.0,14.0,6.0,1
CISO,2026-06-06 15:00:00,24468.0,22593.0,26923.0,23412.0,15.0,6.0,1
CISO,2026-06-06 16:00:00,26521.0,24468.0,29996.0,23715.0,16.0,6.0,1
CISO,2026-06-06 17:00:00,26553.0,26521.0,29798.0,22684.0,17.0,6.0,1
CISO,2026-06-06 18:00:00,26322.0,26553.0,30489.0,21852.0,18.0,6.0,1
CISO,2026-06-06 19:00:00,25176.0,26322.0,30992.0,21084.0,19.0,6.0,1
CISO,2026-06-06 20:00:00,26276.0,25176.0,30769.0,20953.0,20.0,6.0,1
CISO,2026-06-06 21:00:00,26235.0,26276.0,30755.0,20613.0,21.0,6.0,1
CISO,2026-06-06 22:00:00,26064.0,26235.0,30511.0,21162.0,22.0,6.0,1
CISO,2026-06-06 23:00:00,24789.0,26064.0,30236.0,20649.0,23.0,6.0,1
CISO,2026-06-07 00:00:00,24767.0,24789.0,30672.0,21790.0,0.0,0.0,1
CISO,2026-06-07 01:00:00,25933.0,24767.0,31236.0,23897.0,1.0,0.0,1
CISO,2026-06-07 02:00:00,27367.0,25933.0,32100.0,25454.0,2.0,0.0,1
CISO,2026-06-07 03:00:00,27484.0,27367.0,32064.0,25710.0,3.0,0.0,1
CISO,2026-06-07 04:00:00,27623.0,27484.0,31440.0,26197.0,4.0,0.0,1
CISO,2026-06-07 05:00:00,27350.0,27623.0,30829.0,26002.0,5.0,0.0,1
CISO,2026-06-07 06:00:00,26185.0,27350.0,29196.0,24807.0,6.0,0.0,1
CISO,2026-06-07 07:00:00,24614.0,26185.0,27202.0,23766.0,7.0,0.0,1
CISO,2026-06-07 08:00:00,23968.0,24614.0,26263.0,22896.0,8.0,0.0,1
CISO,2026-06-07 09:00:00,22839.0,23968.0,24625.0,21768.0,9.0,0.0,1
CISO,2026-06-07 10:00:00,22042.0,22839.0,23639.0,20877.0,10.0,0.0,1
CISO,2026-06-07 11:00:00,21304.0,22042.0,22574.0,20349.0,11.0,0.0,1
CISO,2026-06-07 12:00:00,21026.0,21304.0,22329.0,19956.0,12.0,0.0,1
CISO,2026-06-07 13:00:00,21135.0,21026.0,22377.0,19771.0,13.0,0.0,1
CISO,2026-06-07 14:00:00,21508.0,21135.0,22593.0,19735.0,14.0,0.0,1
CISO,2026-06-07 15:00:00,22510.0,21508.0,24468.0,21358.0,15.0,0.0,1
CISO,2026-06-07 16:00:00,23988.0,22510.0,26521.0,22136.0,16.0,0.0,1
CISO,2026-06-07 17:00:00,23180.0,23988.0,26553.0,22507.0,17.0,0.0,1
CISO,2026-06-07 18:00:00,22421.0,23180.0,26322.0,22342.0,18.0,0.0,1
CISO,2026-06-07 19:00:00,23102.0,22421.0,25176.0,22232.0,19.0,0.0,1
CISO,2026-06-07 20:00:00,23154.0,23102.0,26276.0,21511.0,20.0,0.0,1
CISO,2026-06-07 21:00:00,23283.0,23154.0,26235.0,20591.0,21.0,0.0,1
CISO,2026-06-07 22:00:00,22590.0,23283.0,26064.0,20683.0,22.0,0.0,1
CISO,2026-06-07 23:00:00,22273.0,22590.0,24789.0,20325.0,23.0,0.0,1
CISO,2026-06-08 00:00:00,23094.0,22273.0,24767.0,21689.0,0.0,1.0,0
CISO,2026-06-08 01:00:00,25931.0,23094.0,25933.0,24468.0,1.0,1.0,0
CISO,2026-06-08 02:00:00,27142.0,25931.0,27367.0,27006.0,2.0,1.0,0
CISO,2026-06-08 03:00:00,27309.0,27142.0,27484.0,28194.0,3.0,1.0,0
CISO,2026-06-08 04:00:00,27561.0,27309.0,27623.0,28210.0,4.0,1.0,0
CISO,2026-06-08 05:00:00,27306.0,27561.0,27350.0,27836.0,5.0,1.0,0
CISO,2026-06-08 06:00:00,25964.0,27306.0,26185.0,26610.0,6.0,1.0,0
CISO,2026-06-08 07:00:00,24110.0,25964.0,24614.0,24475.0,7.0,1.0,0
CISO,2026-06-08 08:00:00,23484.0,24110.0,23968.0,23484.0,8.0,1.0,0
CISO,2026-06-08 09:00:00,22450.0,23484.0,22839.0,22293.0,9.0,1.0,0
CISO,2026-06-08 10:00:00,21945.0,22450.0,22042.0,21343.0,10.0,1.0,0
CISO,2026-06-08 11:00:00,21250.0,21945.0,21304.0,20861.0,11.0,1.0,0
CISO,2026-06-08 12:00:00,21366.0,21250.0,21026.0,21026.0,12.0,1.0,0
CISO,2026-06-08 13:00:00,22328.0,21366.0,21135.0,21953.0,13.0,1.0,0
CISO,2026-06-08 14:00:00,23534.0,22328.0,21508.0,23185.0,14.0,1.0,0
CISO,2026-06-08 15:00:00,26309.0,23534.0,22510.0,25952.0,15.0,1.0,0
CISO,2026-06-08 16:00:00,28275.0,26309.0,23988.0,27986.0,16.0,1.0,0
CISO,2026-06-08 17:00:00,27727.0,28275.0,23180.0,28253.0,17.0,1.0,0
CISO,2026-06-08 18:00:00,27615.0,27727.0,22421.0,27793.0,18.0,1.0,0
CISO,2026-06-08 19:00:00,27545.0,27615.0,23102.0,28104.0,19.0,1.0,0
CISO,2026-06-08 20:00:00,28683.0,27545.0,23154.0,27714.0,20.0,1.0,0
CISO,2026-06-08 21:00:00,28481.0,28683.0,23283.0,27690.0,21.0,1.0,0
CISO,2026-06-08 22:00:00,27342.0,28481.0,22590.0,27998.0,22.0,1.0,0
CISO,2026-06-08 23:00:00,27111.0,27342.0,22273.0,28220.0,23.0,1.0,0
CISO,2026-06-09 00:00:00,28099.0,27111.0,23094.0,28990.0,0.0,2.0,0
CISO,2026-06-09 01:00:00,28712.0,28099.0,25931.0,30321.0,1.0,2.0,0
CISO,2026-06-09 02:00:00,28866.0,28712.0,27142.0,30972.0,2.0,2.0,0
CISO,2026-06-09 03:00:00,29012.0,28866.0,27309.0,31338.0,3.0,2.0,0
CISO,2026-06-09 04:00:00,29236.0,29012.0,27561.0,30954.0,4.0,2.0,0
CISO,2026-06-09 05:00:00,28967.0,29236.0,27306.0,30349.0,5.0,2.0,0
CISO,2026-06-09 06:00:00,27456.0,28967.0,25964.0,28291.0,6.0,2.0,0
CISO,2026-06-09 07:00:00,25826.0,27456.0,24110.0,26297.0,7.0,2.0,0
CISO,2026-06-09 08:00:00,24845.0,25826.0,23484.0,25235.0,8.0,2.0,0
CISO,2026-06-09 09:00:00,23782.0,24845.0,22450.0,23797.0,9.0,2.0,0
CISO,2026-06-09 10:00:00,22792.0,23782.0,21945.0,22752.0,10.0,2.0,0
CISO,2026-06-09 11:00:00,22269.0,22792.0,21250.0,22492.0,11.0,2.0,0
CISO,2026-06-09 12:00:00,22254.0,22269.0,21366.0,22289.0,12.0,2.0,0
CISO,2026-06-09 13:00:00,23188.0,22254.0,22328.0,23044.0,13.0,2.0,0
CISO,2026-06-09 14:00:00,24154.0,23188.0,23534.0,24457.0,14.0,2.0,0
CISO,2026-06-09 15:00:00,26928.0,24154.0,26309.0,26626.0,15.0,2.0,0
CISO,2026-06-09 16:00:00,28579.0,26928.0,28275.0,29017.0,16.0,2.0,0
CISO,2026-06-09 17:00:00,28104.0,28579.0,27727.0,28269.0,17.0,2.0,0
CISO,2026-06-09 18:00:00,28024.0,28104.0,27615.0,27789.0,18.0,2.0,0
CISO,2026-06-09 19:00:00,28573.0,28024.0,27545.0,28072.0,19.0,2.0,0
CISO,2026-06-09 20:00:00,29005.0,28573.0,28683.0,27288.0,20.0,2.0,0
CISO,2026-06-09 21:00:00,29558.0,29005.0,28481.0,27824.0,21.0,2.0,0
CISO,2026-06-09 22:00:00,29166.0,29558.0,27342.0,27179.0,22.0,2.0,0
CISO,2026-06-09 23:00:00,29427.0,29166.0,27111.0,27474.0,23.0,2.0,0
CISO,2026-06-10 00:00:00,29589.0,29427.0,28099.0,28129.0,0.0,3.0,0
CISO,2026-06-10 01:00:00,30924.0,29589.0,28712.0,29344.0,1.0,3.0,0
CISO,2026-06-10 02:00:00,31520.0,30924.0,28866.0,30648.0,2.0,3.0,0
CISO,2026-06-10 03:00:00,31851.0,31520.0,29012.0,30829.0,3.0,3.0,0
CISO,2026-06-10 04:00:00,31583.0,31851.0,29236.0,31153.0,4.0,3.0,0
CISO,2026-06-10 05:00:00,31222.0,31583.0,28967.0,30321.0,5.0,3.0,0
CISO,2026-06-10 06:00:00,29471.0,31222.0,27456.0,28226.0,6.0,3.0,0
CISO,2026-06-10 07:00:00,27490.0,29471.0,25826.0,26329.0,7.0,3.0,0
CISO,2026-06-10 08:00:00,26451.0,27490.0,24845.0,25280.0,8.0,3.0,0
CISO,2026-06-10 09:00:00,25134.0,26451.0,23782.0,24049.0,9.0,3.0,0
CISO,2026-06-10 10:00:00,23899.0,25134.0,22792.0,22941.0,10.0,3.0,0
CISO,2026-06-10 11:00:00,23289.0,23899.0,22269.0,22465.0,11.0,3.0,0
CISO,2026-06-10 12:00:00,23281.0,23289.0,22254.0,22488.0,12.0,3.0,0
CISO,2026-06-10 13:00:00,23864.0,23281.0,23188.0,23187.0,13.0,3.0,0
CISO,2026-06-10 14:00:00,25370.0,23864.0,24154.0,24204.0,14.0,3.0,0
CISO,2026-06-10 15:00:00,28398.0,25370.0,26928.0,26434.0,15.0,3.0,0
CISO,2026-06-10 16:00:00,30841.0,28398.0,28579.0,29115.0,16.0,3.0,0
CISO,2026-06-10 17:00:00,31482.0,30841.0,28104.0,28022.0,17.0,3.0,0
CISO,2026-06-10 18:00:00,31915.0,31482.0,28024.0,27675.0,18.0,3.0,0
CISO,2026-06-10 19:00:00,31958.0,31915.0,28573.0,27566.0,19.0,3.0,0
CISO,2026-06-10 20:00:00,31584.0,31958.0,29005.0,28161.0,20.0,3.0,0
CISO,2026-06-10 21:00:00,32342.0,31584.0,29558.0,28896.0,21.0,3.0,0
CISO,2026-06-10 22:00:00,32607.0,32342.0,29166.0,29770.0,22.0,3.0,0
CISO,2026-06-10 23:00:00,33104.0,32607.0,29427.0,30222.0,23.0,3.0,0
CISO,2026-06-11 00:00:00,34332.0,33104.0,29589.0,30621.0,0.0,4.0,0
CISO,2026-06-11 01:00:00,35579.0,34332.0,30924.0,31437.0,1.0,4.0,0
CISO,2026-06-11 02:00:00,35878.0,35579.0,31520.0,32030.0,2.0,4.0,0
CISO,2026-06-11 03:00:00,35492.0,35878.0,31851.0,32328.0,3.0,4.0,0
CISO,2026-06-11 04:00:00,34850.0,35492.0,31583.0,32173.0,4.0,4.0,0
CISO,2026-06-11 05:00:00,33970.0,34850.0,31222.0,31700.0,5.0,4.0,0
CISO,2026-06-11 06:00:00,31707.0,33970.0,29471.0,29276.0,6.0,4.0,0
CISO,2026-06-11 07:00:00,29438.0,31707.0,27490.0,27633.0,7.0,4.0,0
CISO,2026-06-11 08:00:00,28061.0,29438.0,26451.0,26030.0,8.0,4.0,0
CISO,2026-06-11 09:00:00,26337.0,28061.0,25134.0,24632.0,9.0,4.0,0
CISO,2026-06-11 10:00:00,25068.0,26337.0,23899.0,23584.0,10.0,4.0,0
CISO,2026-06-11 11:00:00,24309.0,25068.0,23289.0,22746.0,11.0,4.0,0
CISO,2026-06-11 12:00:00,24204.0,24309.0,23281.0,23002.0,12.0,4.0,0
CISO,2026-06-11 13:00:00,24827.0,24204.0,23864.0,23676.0,13.0,4.0,0
CISO,2026-06-11 14:00:00,26329.0,24827.0,25370.0,24941.0,14.0,4.0,0
CISO,2026-06-11 15:00:00,30427.0,26329.0,28398.0,27848.0,15.0,4.0,0
CISO,2026-06-11 16:00:00,34155.0,30427.0,30841.0,30855.0,16.0,4.0,0
CISO,2026-06-11 17:00:00,34307.0,34155.0,31482.0,30347.0,17.0,4.0,0
CISO,2026-06-11 18:00:00,34354.0,34307.0,31915.0,30170.0,18.0,4.0,0
CISO,2026-06-11 19:00:00,33960.0,34354.0,31958.0,29201.0,19.0,4.0,0
CISO,2026-06-11 20:00:00,34157.0,33960.0,31584.0,28835.0,20.0,4.0,0
CISO,2026-06-11 21:00:00,33914.0,34157.0,32342.0,27925.0,21.0,4.0,0
CISO,2026-06-11 22:00:00,34466.0,33914.0,32607.0,27813.0,22.0,4.0,0
CISO,2026-06-11 23:00:00,35673.0,34466.0,33104.0,29170.0,23.0,4.0,0
CISO,2026-06-12 00:00:00,35768.0,35673.0,34332.0,30394.0,0.0,5.0,0
CISO,2026-06-12 01:00:00,36700.0,35768.0,35579.0,31242.0,1.0,5.0,0
CISO,2026-06-12 02:00:00,37362.0,36700.0,35878.0,32269.0,2.0,5.0,0
CISO,2026-06-12 03:00:00,37237.0,37362.0,35492.0,32433.0,3.0,5.0,0
CISO,2026-06-12 04:00:00,36499.0,37237.0,34850.0,32128.0,4.0,5.0,0
CISO,2026-06-12 05:00:00,35243.0,36499.0,33970.0,31447.0,5.0,5.0,0
CISO,2026-06-12 06:00:00,32963.0,35243.0,31707.0,29564.0,6.0,5.0,0
CISO,2026-06-12 07:00:00,30476.0,32963.0,29438.0,27585.0,7.0,5.0,0
CISO,2026-06-12 08:00:00,28982.0,30476.0,28061.0,26438.0,8.0,5.0,0
CISO,2026-06-12 09:00:00,27194.0,28982.0,26337.0,25083.0,9.0,5.0,0
CISO,2026-06-12 10:00:00,25754.0,27194.0,25068.0,24438.0,10.0,5.0,0
CISO,2026-06-12 11:00:00,24855.0,25754.0,24309.0,23510.0,11.0,5.0,0
CISO,2026-06-12 12:00:00,24502.0,24855.0,24204.0,23311.0,12.0,5.0,0
CISO,2026-06-12 13:00:00,25003.0,24502.0,24827.0,23855.0,13.0,5.0,0
CISO,2026-06-12 14:00:00,25793.0,25003.0,26329.0,24856.0,14.0,5.0,0
CISO,2026-06-12 15:00:00,29466.0,25793.0,30427.0,26923.0,15.0,5.0,0
CISO,2026-06-12 16:00:00,32842.0,29466.0,34155.0,29996.0,16.0,5.0,0
CISO,2026-06-12 17:00:00,33305.0,32842.0,34307.0,29798.0,17.0,5.0,0
CISO,2026-06-12 18:00:00,33774.0,33305.0,34354.0,30489.0,18.0,5.0,0
CISO,2026-06-12 19:00:00,33398.0,33774.0,33960.0,30992.0,19.0,5.0,0
CISO,2026-06-12 20:00:00,33613.0,33398.0,34157.0,30769.0,20.0,5.0,0
CISO,2026-06-12 21:00:00,34023.0,33613.0,33914.0,30755.0,21.0,5.0,0
CISO,2026-06-12 22:00:00,34844.0,34023.0,34466.0,30511.0,22.0,5.0,0
CISO,2026-06-12 23:00:00,36015.0,34844.0,35673.0,30236.0,23.0,5.0,0
CISO,2026-06-13 00:00:00,36679.0,36015.0,35768.0,30672.0,0.0,6.0,1
CISO,2026-06-13 01:00:00,37662.0,36679.0,36700.0,31236.0,1.0,6.0,1
CISO,2026-06-13 02:00:00,38369.0,37662.0,37362.0,32100.0,2.0,6.0,1
CISO,2026-06-13 03:00:00,37639.0,38369.0,37237.0,32064.0,3.0,6.0,1
CISO,2026-06-13 04:00:00,36354.0,37639.0,36499.0,31440.0,4.0,6.0,1
CISO,2026-06-13 05:00:00,35105.0,36354.0,35243.0,30829.0,5.0,6.0,1
CISO,2026-06-13 06:00:00,33001.0,35105.0,32963.0,29196.0,6.0,6.0,1
CISO,2026-06-13 07:00:00,30601.0,33001.0,30476.0,27202.0,7.0,6.0,1
CISO,2026-06-13 08:00:00,28875.0,30601.0,28982.0,26263.0,8.0,6.0,1
CISO,2026-06-13 09:00:00,26986.0,28875.0,27194.0,24625.0,9.0,6.0,1
CISO,2026-06-13 10:00:00,25691.0,26986.0,25754.0,23639.0,10.0,6.0,1
CISO,2026-06-13 11:00:00,24411.0,25691.0,24855.0,22574.0,11.0,6.0,1
CISO,2026-06-13 12:00:00,23975.0,24411.0,24502.0,22329.0,12.0,6.0,1
CISO,2026-06-13 13:00:00,23760.0,23975.0,25003.0,22377.0,13.0,6.0,1
CISO,2026-06-13 14:00:00,24040.0,23760.0,25793.0,22593.0,14.0,6.0,1
CISO,2026-06-13 15:00:00,27137.0,24040.0,29466.0,24468.0,15.0,6.0,1
CISO,2026-06-13 16:00:00,31129.0,27137.0,32842.0,26521.0,16.0,6.0,1
CISO,2026-06-13 17:00:00,31632.0,31129.0,33305.0,26553.0,17.0,6.0,1
CISO,2026-06-13 18:00:00,31406.0,31632.0,33774.0,26322.0,18.0,6.0,1
CISO,2026-06-13 19:00:00,31626.0,31406.0,33398.0,25176.0,19.0,6.0,1
CISO,2026-06-13 20:00:00,30766.0,31626.0,33613.0,26276.0,20.0,6.0,1
CISO,2026-06-13 21:00:00,30376.0,30766.0,34023.0,26235.0,21.0,6.0,1
CISO,2026-06-13 22:00:00,31339.0,30376.0,34844.0,26064.0,22.0,6.0,1
CISO,2026-06-13 23:00:00,32421.0,31339.0,36015.0,24789.0,23.0,6.0,1
CISO,2026-06-14 00:00:00,33458.0,32421.0,36679.0,24767.0,0.0,0.0,1
CISO,2026-06-14 01:00:00,34385.0,33458.0,37662.0,25933.0,1.0,0.0,1
CISO,2026-06-14 02:00:00,34676.0,34385.0,38369.0,27367.0,2.0,0.0,1
CISO,2026-06-14 03:00:00,34401.0,34676.0,37639.0,27484.0,3.0,0.0,1
CISO,2026-06-14 04:00:00,33337.0,34401.0,36354.0,27623.0,4.0,0.0,1
CISO,2026-06-14 05:00:00,32407.0,33337.0,35105.0,27350.0,5.0,0.0,1
CISO,2026-06-14 06:00:00,30475.0,32407.0,33001.0,26185.0,6.0,0.0,1
CISO,2026-06-14 07:00:00,28500.0,30475.0,30601.0,24614.0,7.0,0.0,1
CISO,2026-06-14 08:00:00,27065.0,28500.0,28875.0,23968.0,8.0,0.0,1
CISO,2026-06-14 09:00:00,25673.0,27065.0,26986.0,22839.0,9.0,0.0,1
CISO,2026-06-14 10:00:00,24051.0,25673.0,25691.0,22042.0,10.0,0.0,1
CISO,2026-06-14 11:00:00,23062.0,24051.0,24411.0,21304.0,11.0,0.0,1
CISO,2026-06-14 12:00:00,22501.0,23062.0,23975.0,21026.0,12.0,0.0,1
CISO,2026-06-14 13:00:00,22441.0,22501.0,23760.0,21135.0,13.0,0.0,1
CISO,2026-06-14 14:00:00,23325.0,22441.0,24040.0,21508.0,14.0,0.0,1
CISO,2026-06-14 15:00:00,26229.0,23325.0,27137.0,22510.0,15.0,0.0,1
CISO,2026-06-14 16:00:00,29392.0,26229.0,31129.0,23988.0,16.0,0.0,1
CISO,2026-06-14 17:00:00,29274.0,29392.0,31632.0,23180.0,17.0,0.0,1
CISO,2026-06-14 18:00:00,29102.0,29274.0,31406.0,22421.0,18.0,0.0,1
CISO,2026-06-14 19:00:00,28535.0,29102.0,31626.0,23102.0,19.0,0.0,1
CISO,2026-06-14 20:00:00,27494.0,28535.0,30766.0,23154.0,20.0,0.0,1
CISO,2026-06-14 21:00:00,27285.0,27494.0,30376.0,23283.0,21.0,0.0,1
CISO,2026-06-14 22:00:00,27629.0,27285.0,31339.0,22590.0,22.0,0.0,1
CISO,2026-06-14 23:00:00,28570.0,27629.0,32421.0,22273.0,23.0,0.0,1
CISO,2026-06-15 00:00:00,30212.0,28570.0,33458.0,23094.0,0.0,1.0,0
CISO,2026-06-15 01:00:00,31765.0,30212.0,34385.0,25931.0,1.0,1.0,0
CISO,2026-06-15 02:00:00,33130.0,31765.0,34676.0,27142.0,2.0,1.0,0
CISO,2026-06-15 03:00:00,33241.0,33130.0,34401.0,27309.0,3.0,1.0,0
CISO,2026-06-15 04:00:00,32599.0,33241.0,33337.0,27561.0,4.0,1.0,0
CISO,2026-06-15 05:00:00,31869.0,32599.0,32407.0,27306.0,5.0,1.0,0
CISO,2026-06-15 06:00:00,29784.0,31869.0,30475.0,25964.0,6.0,1.0,0
CISO,2026-06-15 07:00:00,27638.0,29784.0,28500.0,24110.0,7.0,1.0,0
CISO,2026-06-15 08:00:00,26522.0,27638.0,27065.0,23484.0,8.0,1.0,0
CISO,2026-06-15 09:00:00,24785.0,26522.0,25673.0,22450.0,9.0,1.0,0
CISO,2026-06-15 10:00:00,23987.0,24785.0,24051.0,21945.0,10.0,1.0,0
CISO,2026-06-15 11:00:00,23383.0,23987.0,23062.0,21250.0,11.0,1.0,0
CISO,2026-06-15 12:00:00,23386.0,23383.0,22501.0,21366.0,12.0,1.0,0
CISO,2026-06-15 13:00:00,23832.0,23386.0,22441.0,22328.0,13.0,1.0,0
CISO,2026-06-15 14:00:00,25644.0,23832.0,23325.0,23534.0,14.0,1.0,0
CISO,2026-06-15 15:00:00,30493.0,25644.0,26229.0,26309.0,15.0,1.0,0
CISO,2026-06-15 16:00:00,33993.0,30493.0,29392.0,28275.0,16.0,1.0,0
CISO,2026-06-15 17:00:00,34369.0,33993.0,29274.0,27727.0,17.0,1.0,0
CISO,2026-06-15 18:00:00,34236.0,34369.0,29102.0,27615.0,18.0,1.0,0
CISO,2026-06-15 19:00:00,33235.0,34236.0,28535.0,27545.0,19.0,1.0,0
CISO,2026-06-15 20:00:00,32287.0,33235.0,27494.0,28683.0,20.0,1.0,0
CISO,2026-06-15 21:00:00,31962.0,32287.0,27285.0,28481.0,21.0,1.0,0
CISO,2026-06-15 22:00:00,32257.0,31962.0,27629.0,27342.0,22.0,1.0,0
CISO,2026-06-15 23:00:00,32689.0,32257.0,28570.0,27111.0,23.0,1.0,0
CISO,2026-06-16 00:00:00,33487.0,32689.0,30212.0,28099.0,0.0,2.0,0
CISO,2026-06-16 01:00:00,35225.0,33487.0,31765.0,28712.0,1.0,2.0,0
CISO,2026-06-16 02:00:00,36020.0,35225.0,33130.0,28866.0,2.0,2.0,0
CISO,2026-06-16 03:00:00,35578.0,36020.0,33241.0,29012.0,3.0,2.0,0
CISO,2026-06-16 04:00:00,34705.0,35578.0,32599.0,29236.0,4.0,2.0,0
CISO,2026-06-16 05:00:00,33792.0,34705.0,31869.0,28967.0,5.0,2.0,0
CISO,2026-06-16 06:00:00,31729.0,33792.0,29784.0,27456.0,6.0,2.0,0
CISO,2026-06-16 07:00:00,29210.0,31729.0,27638.0,25826.0,7.0,2.0,0
CISO,2026-06-16 08:00:00,27647.0,29210.0,26522.0,24845.0,8.0,2.0,0
CISO,2026-06-16 09:00:00,26179.0,27647.0,24785.0,23782.0,9.0,2.0,0
CISO,2026-06-16 10:00:00,25088.0,26179.0,23987.0,22792.0,10.0,2.0,0
CISO,2026-06-16 11:00:00,24242.0,25088.0,23383.0,22269.0,11.0,2.0,0
CISO,2026-06-16 12:00:00,23887.0,24242.0,23386.0,22254.0,12.0,2.0,0
CISO,2026-06-16 13:00:00,24724.0,23887.0,23832.0,23188.0,13.0,2.0,0
CISO,2026-06-16 14:00:00,26304.0,24724.0,25644.0,24154.0,14.0,2.0,0
CISO,2026-06-16 15:00:00,30703.0,26304.0,30493.0,26928.0,15.0,2.0,0
CISO,2026-06-16 16:00:00,33859.0,30703.0,33993.0,28579.0,16.0,2.0,0
CISO,2026-06-16 17:00:00,34645.0,33859.0,34369.0,28104.0,17.0,2.0,0
CISO,2026-06-16 18:00:00,33527.0,34645.0,34236.0,28024.0,18.0,2.0,0
CISO,2026-06-16 19:00:00,33093.0,33527.0,33235.0,28573.0,19.0,2.0,0
CISO,2026-06-16 20:00:00,31675.0,33093.0,32287.0,29005.0,20.0,2.0,0
CISO,2026-06-16 21:00:00,30469.0,31675.0,31962.0,29558.0,21.0,2.0,0
CISO,2026-06-16 22:00:00,30264.0,30469.0,32257.0,29166.0,22.0,2.0,0
CISO,2026-06-16 23:00:00,30865.0,30264.0,32689.0,29427.0,23.0,2.0,0
CISO,2026-06-17 00:00:00,32223.0,30865.0,33487.0,29589.0,0.0,3.0,0
CISO,2026-06-17 01:00:00,33874.0,32223.0,35225.0,30924.0,1.0,3.0,0
CISO,2026-06-17 02:00:00,35051.0,33874.0,36020.0,31520.0,2.0,3.0,0
CISO,2026-06-17 03:00:00,34949.0,35051.0,35578.0,31851.0,3.0,3.0,0
CISO,2026-06-17 04:00:00,34468.0,34949.0,34705.0,31583.0,4.0,3.0,0
CISO,2026-06-17 05:00:00,33742.0,34468.0,33792.0,31222.0,5.0,3.0,0
CISO,2026-06-17 06:00:00,31447.0,33742.0,31729.0,29471.0,6.0,3.0,0
CISO,2026-06-17 07:00:00,29217.0,31447.0,29210.0,27490.0,7.0,3.0,0
CISO,2026-06-17 08:00:00,27964.0,29217.0,27647.0,26451.0,8.0,3.0,0
CISO,2026-06-17 09:00:00,26349.0,27964.0,26179.0,25134.0,9.0,3.0,0
CISO,2026-06-17 10:00:00,25003.0,26349.0,25088.0,23899.0,10.0,3.0,0
CISO,2026-06-17 11:00:00,24449.0,25003.0,24242.0,23289.0,11.0,3.0,0
CISO,2026-06-17 12:00:00,24181.0,24449.0,23887.0,23281.0,12.0,3.0,0
CISO,2026-06-17 13:00:00,24819.0,24181.0,24724.0,23864.0,13.0,3.0,0
CISO,2026-06-17 14:00:00,25988.0,24819.0,26304.0,25370.0,14.0,3.0,0
CISO,2026-06-17 15:00:00,28593.0,25988.0,30703.0,28398.0,15.0,3.0,0
CISO,2026-06-17 16:00:00,31189.0,28593.0,33859.0,30841.0,16.0,3.0,0
CISO,2026-06-17 17:00:00,31088.0,31189.0,34645.0,31482.0,17.0,3.0,0
CISO,2026-06-17 18:00:00,31516.0,31088.0,33527.0,31915.0,18.0,3.0,0
CISO,2026-06-17 19:00:00,32080.0,31516.0,33093.0,31958.0,19.0,3.0,0
CISO,2026-06-17 20:00:00,31412.0,32080.0,31675.0,31584.0,20.0,3.0,0
CISO,2026-06-17 21:00:00,31764.0,31412.0,30469.0,32342.0,21.0,3.0,0
CISO,2026-06-17 22:00:00,31648.0,31764.0,30264.0,32607.0,22.0,3.0,0
CISO,2026-06-17 23:00:00,31267.0,31648.0,30865.0,33104.0,23.0,3.0,0
CISO,2026-06-18 00:00:00,31781.0,31267.0,32223.0,34332.0,0.0,4.0,0
CISO,2026-06-18 01:00:00,32931.0,31781.0,33874.0,35579.0,1.0,4.0,0
CISO,2026-06-18 02:00:00,33213.0,32931.0,35051.0,35878.0,2.0,4.0,0
CISO,2026-06-18 03:00:00,32848.0,33213.0,34949.0,35492.0,3.0,4.0,0
CISO,2026-06-18 04:00:00,32510.0,32848.0,34468.0,34850.0,4.0,4.0,0
CISO,2026-06-18 05:00:00,31810.0,32510.0,33742.0,33970.0,5.0,4.0,0
CISO,2026-06-18 06:00:00,30123.0,31810.0,31447.0,31707.0,6.0,4.0,0
CISO,2026-06-18 07:00:00,27833.0,30123.0,29217.0,29438.0,7.0,4.0,0
CISO,2026-06-18 08:00:00,26880.0,27833.0,27964.0,28061.0,8.0,4.0,0
CISO,2026-06-18 09:00:00,25325.0,26880.0,26349.0,26337.0,9.0,4.0,0
CISO,2026-06-18 10:00:00,24242.0,25325.0,25003.0,25068.0,10.0,4.0,0
CISO,2026-06-18 11:00:00,23733.0,24242.0,24449.0,24309.0,11.0,4.0,0
CISO,2026-06-18 12:00:00,23629.0,23733.0,24181.0,24204.0,12.0,4.0,0
CISO,2026-06-18 13:00:00,24130.0,23629.0,24819.0,24827.0,13.0,4.0,0
CISO,2026-06-18 14:00:00,25347.0,24130.0,25988.0,26329.0,14.0,4.0,0
CISO,2026-06-18 15:00:00,28282.0,25347.0,28593.0,30427.0,15.0,4.0,0
CISO,2026-06-18 16:00:00,30732.0,28282.0,31189.0,34155.0,16.0,4.0,0
CISO,2026-06-18 17:00:00,31081.0,30732.0,31088.0,34307.0,17.0,4.0,0
CISO,2026-06-18 18:00:00,30847.0,31081.0,31516.0,34354.0,18.0,4.0,0
CISO,2026-06-18 19:00:00,29924.0,30847.0,32080.0,33960.0,19.0,4.0,0
CISO,2026-06-18 20:00:00,30302.0,29924.0,31412.0,34157.0,20.0,4.0,0
CISO,2026-06-18 21:00:00,29839.0,30302.0,31764.0,33914.0,21.0,4.0,0
CISO,2026-06-18 22:00:00,29420.0,29839.0,31648.0,34466.0,22.0,4.0,0
CISO,2026-06-18 23:00:00,29878.0,29420.0,31267.0,35673.0,23.0,4.0,0
CISO,2026-06-19 00:00:00,30145.0,29878.0,31781.0,35768.0,0.0,5.0,0
CISO,2026-06-19 01:00:00,30531.0,30145.0,32931.0,36700.0,1.0,5.0,0
CISO,2026-06-19 02:00:00,30494.0,30531.0,33213.0,37362.0,2.0,5.0,0
CISO,2026-06-19 03:00:00,30476.0,30494.0,32848.0,37237.0,3.0,5.0,0
CISO,2026-06-19 04:00:00,30463.0,30476.0,32510.0,36499.0,4.0,5.0,0
CISO,2026-06-19 05:00:00,30246.0,30463.0,31810.0,35243.0,5.0,5.0,0
CISO,2026-06-19 06:00:00,28542.0,30246.0,30123.0,32963.0,6.0,5.0,0
CISO,2026-06-19 07:00:00,26883.0,28542.0,27833.0,30476.0,7.0,5.0,0
CISO,2026-06-19 08:00:00,25856.0,26883.0,26880.0,28982.0,8.0,5.0,0
CISO,2026-06-19 09:00:00,24584.0,25856.0,25325.0,27194.0,9.0,5.0,0
CISO,2026-06-19 10:00:00,23452.0,24584.0,24242.0,25754.0,10.0,5.0,0
CISO,2026-06-19 11:00:00,22809.0,23452.0,23733.0,24855.0,11.0,5.0,0
CISO,2026-06-19 12:00:00,22943.0,22809.0,23629.0,24502.0,12.0,5.0,0
CISO,2026-06-19 13:00:00,23655.0,22943.0,24130.0,25003.0,13.0,5.0,0
CISO,2026-06-19 14:00:00,24579.0,23655.0,25347.0,25793.0,14.0,5.0,0
CISO,2026-06-19 15:00:00,27148.0,24579.0,28282.0,29466.0,15.0,5.0,0
CISO,2026-06-19 16:00:00,29141.0,27148.0,30732.0,32842.0,16.0,5.0,0
CISO,2026-06-19 17:00:00,28946.0,29141.0,31081.0,33305.0,17.0,5.0,0
CISO,2026-06-19 18:00:00,28080.0,28946.0,30847.0,33774.0,18.0,5.0,0
CISO,2026-06-19 19:00:00,28580.0,28080.0,29924.0,33398.0,19.0,5.0,0
CISO,2026-06-19 20:00:00,28333.0,28580.0,30302.0,33613.0,20.0,5.0,0
CISO,2026-06-19 21:00:00,29096.0,28333.0,29839.0,34023.0,21.0,5.0,0
CISO,2026-06-19 22:00:00,29312.0,29096.0,29420.0,34844.0,22.0,5.0,0
CISO,2026-06-19 23:00:00,28588.0,29312.0,29878.0,36015.0,23.0,5.0,0
CISO,2026-06-20 00:00:00,28137.0,28588.0,30145.0,36679.0,0.0,6.0,1
CISO,2026-06-20 01:00:00,28138.0,28137.0,30531.0,37662.0,1.0,6.0,1
CISO,2026-06-20 02:00:00,28762.0,28138.0,30494.0,38369.0,2.0,6.0,1
CISO,2026-06-20 03:00:00,29285.0,28762.0,30476.0,37639.0,3.0,6.0,1
CISO,2026-06-20 04:00:00,29433.0,29285.0,30463.0,36354.0,4.0,6.0,1
CISO,2026-06-20 05:00:00,29194.0,29433.0,30246.0,35105.0,5.0,6.0,1
CISO,2026-06-20 06:00:00,27812.0,29194.0,28542.0,33001.0,6.0,6.0,1
CISO,2026-06-20 07:00:00,26205.0,27812.0,26883.0,30601.0,7.0,6.0,1
CISO,2026-06-20 08:00:00,25107.0,26205.0,25856.0,28875.0,8.0,6.0,1
CISO,2026-06-20 09:00:00,23734.0,25107.0,24584.0,26986.0,9.0,6.0,1
CISO,2026-06-20 10:00:00,22658.0,23734.0,23452.0,25691.0,10.0,6.0,1
CISO,2026-06-20 11:00:00,22014.0,22658.0,22809.0,24411.0,11.0,6.0,1
CISO,2026-06-20 12:00:00,21714.0,22014.0,22943.0,23975.0,12.0,6.0,1
CISO,2026-06-20 13:00:00,21864.0,21714.0,23655.0,23760.0,13.0,6.0,1
CISO,2026-06-20 14:00:00,22416.0,21864.0,24579.0,24040.0,14.0,6.0,1
CISO,2026-06-20 15:00:00,24308.0,22416.0,27148.0,27137.0,15.0,6.0,1
CISO,2026-06-20 16:00:00,25362.0,24308.0,29141.0,31129.0,16.0,6.0,1
CISO,2026-06-20 17:00:00,24979.0,25362.0,28946.0,31632.0,17.0,6.0,1
CISO,2026-06-20 18:00:00,24663.0,24979.0,28080.0,31406.0,18.0,6.0,1
CISO,2026-06-20 19:00:00,24190.0,24663.0,28580.0,31626.0,19.0,6.0,1
CISO,2026-06-20 20:00:00,24095.0,24190.0,28333.0,30766.0,20.0,6.0,1
CISO,2026-06-20 21:00:00,24529.0,24095.0,29096.0,30376.0,21.0,6.0,1
CISO,2026-06-20 22:00:00,23994.0,24529.0,29312.0,31339.0,22.0,6.0,1
CISO,2026-06-20 23:00:00,24289.0,23994.0,28588.0,32421.0,23.0,6.0,1
CISO,2026-06-21 00:00:00,25013.0,24289.0,28137.0,33458.0,0.0,0.0,1
CISO,2026-06-21 01:00:00,26474.0,25013.0,28138.0,34385.0,1.0,0.0,1
CISO,2026-06-21 02:00:00,27633.0,26474.0,28762.0,34676.0,2.0,0.0,1
CISO,2026-06-21 03:00:00,27826.0,27633.0,29285.0,34401.0,3.0,0.0,1
CISO,2026-06-21 04:00:00,27955.0,27826.0,29433.0,33337.0,4.0,0.0,1
CISO,2026-06-21 05:00:00,27740.0,27955.0,29194.0,32407.0,5.0,0.0,1
CISO,2026-06-21 06:00:00,26501.0,27740.0,27812.0,30475.0,6.0,0.0,1
CISO,2026-06-21 07:00:00,25435.0,26501.0,26205.0,28500.0,7.0,0.0,1
CISO,2026-06-21 08:00:00,24214.0,25435.0,25107.0,27065.0,8.0,0.0,1
CISO,2026-06-21 09:00:00,22883.0,24214.0,23734.0,25673.0,9.0,0.0,1
CISO,2026-06-21 10:00:00,21839.0,22883.0,22658.0,24051.0,10.0,0.0,1
CISO,2026-06-21 11:00:00,21124.0,21839.0,22014.0,23062.0,11.0,0.0,1
CISO,2026-06-21 12:00:00,20786.0,21124.0,21714.0,22501.0,12.0,0.0,1
CISO,2026-06-21 13:00:00,20664.0,20786.0,21864.0,22441.0,13.0,0.0,1
CISO,2026-06-21 14:00:00,21331.0,20664.0,22416.0,23325.0,14.0,0.0,1
CISO,2026-06-21 15:00:00,24430.0,21331.0,24308.0,26229.0,15.0,0.0,1
CISO,2026-06-21 16:00:00,26139.0,24430.0,25362.0,29392.0,16.0,0.0,1
CISO,2026-06-21 17:00:00,25728.0,26139.0,24979.0,29274.0,17.0,0.0,1
CISO,2026-06-21 18:00:00,24963.0,25728.0,24663.0,29102.0,18.0,0.0,1
CISO,2026-06-21 19:00:00,23595.0,24963.0,24190.0,28535.0,19.0,0.0,1
CISO,2026-06-21 20:00:00,23019.0,23595.0,24095.0,27494.0,20.0,0.0,1
CISO,2026-06-21 21:00:00,22777.0,23019.0,24529.0,27285.0,21.0,0.0,1
CISO,2026-06-21 22:00:00,22196.0,22777.0,23994.0,27629.0,22.0,0.0,1
CISO,2026-06-21 23:00:00,22649.0,22196.0,24289.0,28570.0,23.0,0.0,1
CISO,2026-06-22 00:00:00,24509.0,22649.0,25013.0,30212.0,0.0,1.0,0
CISO,2026-06-22 01:00:00,26534.0,24509.0,26474.0,31765.0,1.0,1.0,0
CISO,2026-06-22 02:00:00,27899.0,26534.0,27633.0,33130.0,2.0,1.0,0
CISO,2026-06-22 03:00:00,28503.0,27899.0,27826.0,33241.0,3.0,1.0,0
CISO,2026-06-22 04:00:00,28593.0,28503.0,27955.0,32599.0,4.0,1.0,0
CISO,2026-06-22 05:00:00,28340.0,28593.0,27740.0,31869.0,5.0,1.0,0
CISO,2026-06-22 06:00:00,26806.0,28340.0,26501.0,29784.0,6.0,1.0,0
CISO,2026-06-22 07:00:00,25053.0,26806.0,25435.0,27638.0,7.0,1.0,0
CISO,2026-06-22 08:00:00,24327.0,25053.0,24214.0,26522.0,8.0,1.0,0
CISO,2026-06-22 09:00:00,23043.0,24327.0,22883.0,24785.0,9.0,1.0,0
CISO,2026-06-22 10:00:00,22122.0,23043.0,21839.0,23987.0,10.0,1.0,0
CISO,2026-06-22 11:00:00,21857.0,22122.0,21124.0,23383.0,11.0,1.0,0
CISO,2026-06-22 12:00:00,22040.0,21857.0,20786.0,23386.0,12.0,1.0,0
CISO,2026-06-22 13:00:00,22840.0,22040.0,20664.0,23832.0,13.0,1.0,0
CISO,2026-06-22 14:00:00,24825.0,22840.0,21331.0,25644.0,14.0,1.0,0
CISO,2026-06-22 15:00:00,29957.0,24825.0,24430.0,30493.0,15.0,1.0,0
CISO,2026-06-22 16:00:00,31676.0,29957.0,26139.0,33993.0,16.0,1.0,0
CISO,2026-06-22 17:00:00,31347.0,31676.0,25728.0,34369.0,17.0,1.0,0
CISO,2026-06-22 18:00:00,30120.0,31347.0,24963.0,34236.0,18.0,1.0,0
CISO,2026-06-22 19:00:00,28931.0,30120.0,23595.0,33235.0,19.0,1.0,0
CISO,2026-06-22 20:00:00,27760.0,28931.0,23019.0,32287.0,20.0,1.0,0
CISO,2026-06-22 21:00:00,27923.0,27760.0,22777.0,31962.0,21.0,1.0,0
CISO,2026-06-22 22:00:00,27965.0,27923.0,22196.0,32257.0,22.0,1.0,0
CISO,2026-06-22 23:00:00,28857.0,27965.0,22649.0,32689.0,23.0,1.0,0
CISO,2026-06-23 00:00:00,30210.0,28857.0,24509.0,33487.0,0.0,2.0,0
CISO,2026-06-23 01:00:00,31973.0,30210.0,26534.0,35225.0,1.0,2.0,0
CISO,2026-06-23 02:00:00,32751.0,31973.0,27899.0,36020.0,2.0,2.0,0
CISO,2026-06-23 03:00:00,32813.0,32751.0,28503.0,35578.0,3.0,2.0,0
CISO,2026-06-23 04:00:00,32430.0,32813.0,28593.0,34705.0,4.0,2.0,0
CISO,2026-06-23 05:00:00,31718.0,32430.0,28340.0,33792.0,5.0,2.0,0
CISO,2026-06-23 06:00:00,29648.0,31718.0,26806.0,31729.0,6.0,2.0,0
CISO,2026-06-23 07:00:00,27446.0,29648.0,25053.0,29210.0,7.0,2.0,0
CISO,2026-06-23 08:00:00,26089.0,27446.0,24327.0,27647.0,8.0,2.0,0
CISO,2026-06-23 09:00:00,24626.0,26089.0,23043.0,26179.0,9.0,2.0,0
CISO,2026-06-23 10:00:00,23702.0,24626.0,22122.0,25088.0,10.0,2.0,0
CISO,2026-06-23 11:00:00,23260.0,23702.0,21857.0,24242.0,11.0,2.0,0
CISO,2026-06-23 12:00:00,23205.0,23260.0,22040.0,23887.0,12.0,2.0,0
CISO,2026-06-23 13:00:00,23896.0,23205.0,22840.0,24724.0,13.0,2.0,0
CISO,2026-06-23 14:00:00,25392.0,23896.0,24825.0,26304.0,14.0,2.0,0
CISO,2026-06-23 15:00:00,29339.0,25392.0,29957.0,30703.0,15.0,2.0,0
CISO,2026-06-23 16:00:00,31539.0,29339.0,31676.0,33859.0,16.0,2.0,0
CISO,2026-06-23 17:00:00,31382.0,31539.0,31347.0,34645.0,17.0,2.0,0
CISO,2026-06-23 18:00:00,31224.0,31382.0,30120.0,33527.0,18.0,2.0,0
CISO,2026-06-23 19:00:00,29745.0,31224.0,28931.0,33093.0,19.0,2.0,0
CISO,2026-06-23 20:00:00,29062.0,29745.0,27760.0,31675.0,20.0,2.0,0
CISO,2026-06-23 21:00:00,29834.0,29062.0,27923.0,30469.0,21.0,2.0,0
CISO,2026-06-23 22:00:00,30529.0,29834.0,27965.0,30264.0,22.0,2.0,0
CISO,2026-06-23 23:00:00,30989.0,30529.0,28857.0,30865.0,23.0,2.0,0
CISO,2026-06-24 00:00:00,31690.0,30989.0,30210.0,32223.0,0.0,3.0,0
CISO,2026-06-24 01:00:00,32037.0,31690.0,31973.0,33874.0,1.0,3.0,0
CISO,2026-06-24 02:00:00,32829.0,32037.0,32751.0,35051.0,2.0,3.0,0
CISO,2026-06-24 03:00:00,33162.0,32829.0,32813.0,34949.0,3.0,3.0,0
CISO,2026-06-24 04:00:00,32792.0,33162.0,32430.0,34468.0,4.0,3.0,0
CISO,2026-06-24 05:00:00,32350.0,32792.0,31718.0,33742.0,5.0,3.0,0
CISO,2026-06-24 06:00:00,30447.0,32350.0,29648.0,31447.0,6.0,3.0,0
CISO,2026-06-24 07:00:00,28378.0,30447.0,27446.0,29217.0,7.0,3.0,0
CISO,2026-06-24 08:00:00,27099.0,28378.0,26089.0,27964.0,8.0,3.0,0
CISO,2026-06-24 09:00:00,25441.0,27099.0,24626.0,26349.0,9.0,3.0,0
CISO,2026-06-24 10:00:00,24419.0,25441.0,23702.0,25003.0,10.0,3.0,0
CISO,2026-06-24 11:00:00,23648.0,24419.0,23260.0,24449.0,11.0,3.0,0
CISO,2026-06-24 12:00:00,23484.0,23648.0,23205.0,24181.0,12.0,3.0,0
CISO,2026-06-24 13:00:00,24354.0,23484.0,23896.0,24819.0,13.0,3.0,0
CISO,2026-06-24 14:00:00,25156.0,24354.0,25392.0,25988.0,14.0,3.0,0
CISO,2026-06-24 15:00:00,26686.0,25156.0,29339.0,28593.0,15.0,3.0,0
CISO,2026-06-24 16:00:00,28055.0,26686.0,31539.0,31189.0,16.0,3.0,0
CISO,2026-06-24 17:00:00,28437.0,28055.0,31382.0,31088.0,17.0,3.0,0
CISO,2026-06-24 18:00:00,29205.0,28437.0,31224.0,31516.0,18.0,3.0,0
CISO,2026-06-24 19:00:00,28798.0,29205.0,29745.0,32080.0,19.0,3.0,0
CISO,2026-06-24 20:00:00,29556.0,28798.0,29062.0,31412.0,20.0,3.0,0
CISO,2026-06-24 21:00:00,29000.0,29556.0,29834.0,31764.0,21.0,3.0,0
CISO,2026-06-24 22:00:00,29779.0,29000.0,30529.0,31648.0,22.0,3.0,0
CISO,2026-06-24 23:00:00,31544.0,29779.0,30989.0,31267.0,23.0,3.0,0
CISO,2026-06-25 00:00:00,32628.0,31544.0,31690.0,31781.0,0.0,4.0,0
CISO,2026-06-25 01:00:00,33966.0,32628.0,32037.0,32931.0,1.0,4.0,0
CISO,2026-06-25 02:00:00,33779.0,33966.0,32829.0,33213.0,2.0,4.0,0
CISO,2026-06-25 03:00:00,33013.0,33779.0,33162.0,32848.0,3.0,4.0,0
CISO,2026-06-25 04:00:00,32288.0,33013.0,32792.0,32510.0,4.0,4.0,0
CISO,2026-06-25 05:00:00,31974.0,32288.0,32350.0,31810.0,5.0,4.0,0
CISO,2026-06-25 06:00:00,30094.0,31974.0,30447.0,30123.0,6.0,4.0,0
CISO,2026-06-25 07:00:00,28145.0,30094.0,28378.0,27833.0,7.0,4.0,0
CISO,2026-06-25 08:00:00,26606.0,28145.0,27099.0,26880.0,8.0,4.0,0
CISO,2026-06-25 09:00:00,25162.0,26606.0,25441.0,25325.0,9.0,4.0,0
CISO,2026-06-25 10:00:00,24070.0,25162.0,24419.0,24242.0,10.0,4.0,0
CISO,2026-06-25 11:00:00,23483.0,24070.0,23648.0,23733.0,11.0,4.0,0
CISO,2026-06-25 12:00:00,23615.0,23483.0,23484.0,23629.0,12.0,4.0,0
CISO,2026-06-25 13:00:00,24352.0,23615.0,24354.0,24130.0,13.0,4.0,0
CISO,2026-06-25 14:00:00,24984.0,24352.0,25156.0,25347.0,14.0,4.0,0
CISO,2026-06-25 15:00:00,27934.0,24984.0,26686.0,28282.0,15.0,4.0,0
CISO,2026-06-25 16:00:00,30594.0,27934.0,28055.0,30732.0,16.0,4.0,0
CISO,2026-06-25 17:00:00,30900.0,30594.0,28437.0,31081.0,17.0,4.0,0
CISO,2026-06-25 18:00:00,30652.0,30900.0,29205.0,30847.0,18.0,4.0,0
CISO,2026-06-25 19:00:00,29914.0,30652.0,28798.0,29924.0,19.0,4.0,0
CISO,2026-06-25 20:00:00,30025.0,29914.0,29556.0,30302.0,20.0,4.0,0
CISO,2026-06-25 21:00:00,30049.0,30025.0,29000.0,29839.0,21.0,4.0,0
CISO,2026-06-25 22:00:00,29700.0,30049.0,29779.0,29420.0,22.0,4.0,0
CISO,2026-06-25 23:00:00,30623.0,29700.0,31544.0,29878.0,23.0,4.0,0
CISO,2026-06-26 00:00:00,31783.0,30623.0,32628.0,30145.0,0.0,5.0,0
CISO,2026-06-26 01:00:00,32169.0,31783.0,33966.0,30531.0,1.0,5.0,0
CISO,2026-06-26 02:00:00,32311.0,32169.0,33779.0,30494.0,2.0,5.0,0
CISO,2026-06-26 03:00:00,32084.0,32311.0,33013.0,30476.0,3.0,5.0,0
CISO,2026-06-26 04:00:00,31715.0,32084.0,32288.0,30463.0,4.0,5.0,0
CISO,2026-06-26 05:00:00,31125.0,31715.0,31974.0,30246.0,5.0,5.0,0
CISO,2026-06-26 06:00:00,29238.0,31125.0,30094.0,28542.0,6.0,5.0,0
CISO,2026-06-26 07:00:00,27308.0,29238.0,28145.0,26883.0,7.0,5.0,0
CISO,2026-06-26 08:00:00,26106.0,27308.0,26606.0,25856.0,8.0,5.0,0
CISO,2026-06-26 09:00:00,24728.0,26106.0,25162.0,24584.0,9.0,5.0,0
CISO,2026-06-26 10:00:00,23697.0,24728.0,24070.0,23452.0,10.0,5.0,0
CISO,2026-06-26 11:00:00,23133.0,23697.0,23483.0,22809.0,11.0,5.0,0
CISO,2026-06-26 12:00:00,23113.0,23133.0,23615.0,22943.0,12.0,5.0,0
CISO,2026-06-26 13:00:00,23766.0,23113.0,24352.0,23655.0,13.0,5.0,0
CISO,2026-06-26 14:00:00,24691.0,23766.0,24984.0,24579.0,14.0,5.0,0
CISO,2026-06-26 15:00:00,26554.0,24691.0,27934.0,27148.0,15.0,5.0,0
CISO,2026-06-26 16:00:00,28946.0,26554.0,30594.0,29141.0,16.0,5.0,0
CISO,2026-06-26 17:00:00,29895.0,28946.0,30900.0,28946.0,17.0,5.0,0
CISO,2026-06-26 18:00:00,29646.0,29895.0,30652.0,28080.0,18.0,5.0,0
CISO,2026-06-26 19:00:00,29601.0,29646.0,29914.0,28580.0,19.0,5.0,0
CISO,2026-06-26 20:00:00,30354.0,29601.0,30025.0,28333.0,20.0,5.0,0
CISO,2026-06-26 21:00:00,29853.0,30354.0,30049.0,29096.0,21.0,5.0,0
CISO,2026-06-26 22:00:00,29281.0,29853.0,29700.0,29312.0,22.0,5.0,0
CISO,2026-06-26 23:00:00,29581.0,29281.0,30623.0,28588.0,23.0,5.0,0
CISO,2026-06-27 00:00:00,30150.0,29581.0,31783.0,28137.0,0.0,6.0,1
CISO,2026-06-27 01:00:00,30427.0,30150.0,32169.0,28138.0,1.0,6.0,1
CISO,2026-06-27 02:00:00,30316.0,30427.0,32311.0,28762.0,2.0,6.0,1
CISO,2026-06-27 03:00:00,29946.0,30316.0,32084.0,29285.0,3.0,6.0,1
CISO,2026-06-27 04:00:00,29891.0,29946.0,31715.0,29433.0,4.0,6.0,1
CISO,2026-06-27 05:00:00,29628.0,29891.0,31125.0,29194.0,5.0,6.0,1
CISO,2026-06-27 06:00:00,28204.0,29628.0,29238.0,27812.0,6.0,6.0,1
CISO,2026-06-27 07:00:00,26552.0,28204.0,27308.0,26205.0,7.0,6.0,1
CISO,2026-06-27 08:00:00,25514.0,26552.0,26106.0,25107.0,8.0,6.0,1
CISO,2026-06-27 09:00:00,24303.0,25514.0,24728.0,23734.0,9.0,6.0,1
CISO,2026-06-27 10:00:00,23401.0,24303.0,23697.0,22658.0,10.0,6.0,1
CISO,2026-06-27 11:00:00,22613.0,23401.0,23133.0,22014.0,11.0,6.0,1
CISO,2026-06-27 12:00:00,22364.0,22613.0,23113.0,21714.0,12.0,6.0,1
CISO,2026-06-27 13:00:00,22433.0,22364.0,23766.0,21864.0,13.0,6.0,1
CISO,2026-06-27 14:00:00,22714.0,22433.0,24691.0,22416.0,14.0,6.0,1
CISO,2026-06-27 15:00:00,24255.0,22714.0,26554.0,24308.0,15.0,6.0,1
CISO,2026-06-27 16:00:00,25955.0,24255.0,28946.0,25362.0,16.0,6.0,1
CISO,2026-06-27 17:00:00,26840.0,25955.0,29895.0,24979.0,17.0,6.0,1
CISO,2026-06-27 18:00:00,26878.0,26840.0,29646.0,24663.0,18.0,6.0,1
CISO,2026-06-27 19:00:00,26881.0,26878.0,29601.0,24190.0,19.0,6.0,1
CISO,2026-06-27 20:00:00,25884.0,26881.0,30354.0,24095.0,20.0,6.0,1
CISO,2026-06-27 21:00:00,26164.0,25884.0,29853.0,24529.0,21.0,6.0,1
CISO,2026-06-27 22:00:00,25121.0,26164.0,29281.0,23994.0,22.0,6.0,1
CISO,2026-06-27 23:00:00,24188.0,25121.0,29581.0,24289.0,23.0,6.0,1
CISO,2026-06-28 00:00:00,24372.0,24188.0,30150.0,25013.0,0.0,0.0,1
CISO,2026-06-28 01:00:00,26534.0,24372.0,30427.0,26474.0,1.0,0.0,1
CISO,2026-06-28 02:00:00,27274.0,26534.0,30316.0,27633.0,2.0,0.0,1
CISO,2026-06-28 03:00:00,27383.0,27274.0,29946.0,27826.0,3.0,0.0,1
CISO,2026-06-28 04:00:00,27570.0,27383.0,29891.0,27955.0,4.0,0.0,1
CISO,2026-06-28 05:00:00,27351.0,27570.0,29628.0,27740.0,5.0,0.0,1
CISO,2026-06-28 06:00:00,26165.0,27351.0,28204.0,26501.0,6.0,0.0,1
CISO,2026-06-28 07:00:00,24665.0,26165.0,26552.0,25435.0,7.0,0.0,1
CISO,2026-06-28 08:00:00,24093.0,24665.0,25514.0,24214.0,8.0,0.0,1
CISO,2026-06-28 09:00:00,22807.0,24093.0,24303.0,22883.0,9.0,0.0,1
CISO,2026-06-28 10:00:00,21838.0,22807.0,23401.0,21839.0,10.0,0.0,1
CISO,2026-06-28 11:00:00,21325.0,21838.0,22613.0,21124.0,11.0,0.0,1
CISO,2026-06-28 12:00:00,20997.0,21325.0,22364.0,20786.0,12.0,0.0,1
CISO,2026-06-28 13:00:00,20820.0,20997.0,22433.0,20664.0,13.0,0.0,1
CISO,2026-06-28 14:00:00,21094.0,20820.0,22714.0,21331.0,14.0,0.0,1
CISO,2026-06-28 15:00:00,22888.0,21094.0,24255.0,24430.0,15.0,0.0,1
CISO,2026-06-28 16:00:00,24204.0,22888.0,25955.0,26139.0,16.0,0.0,1
CISO,2026-06-28 17:00:00,24996.0,24204.0,26840.0,25728.0,17.0,0.0,1
CISO,2026-06-28 18:00:00,25113.0,24996.0,26878.0,24963.0,18.0,0.0,1
CISO,2026-06-28 19:00:00,24406.0,25113.0,26881.0,23595.0,19.0,0.0,1
CISO,2026-06-28 20:00:00,23357.0,24406.0,25884.0,23019.0,20.0,0.0,1
CISO,2026-06-28 21:00:00,22335.0,23357.0,26164.0,22777.0,21.0,0.0,1
CISO,2026-06-28 22:00:00,22301.0,22335.0,25121.0,22196.0,22.0,0.0,1
CISO,2026-06-28 23:00:00,21532.0,22301.0,24188.0,22649.0,23.0,0.0,1
CISO,2026-06-29 00:00:00,22680.0,21532.0,24372.0,24509.0,0.0,1.0,0
CISO,2026-06-29 01:00:00,24637.0,22680.0,26534.0,26534.0,1.0,1.0,0
CISO,2026-06-29 02:00:00,26408.0,24637.0,27274.0,27899.0,2.0,1.0,0
CISO,2026-06-29 03:00:00,26831.0,26408.0,27383.0,28503.0,3.0,1.0,0
CISO,2026-06-29 04:00:00,27327.0,26831.0,27570.0,28593.0,4.0,1.0,0
CISO,2026-06-29 05:00:00,27210.0,27327.0,27351.0,28340.0,5.0,1.0,0
CISO,2026-06-29 06:00:00,25872.0,27210.0,26165.0,26806.0,6.0,1.0,0
CISO,2026-06-29 07:00:00,24445.0,25872.0,24665.0,25053.0,7.0,1.0,0
CISO,2026-06-29 08:00:00,23883.0,24445.0,24093.0,24327.0,8.0,1.0,0
CISO,2026-06-29 09:00:00,22723.0,23883.0,22807.0,23043.0,9.0,1.0,0
CISO,2026-06-29 10:00:00,22059.0,22723.0,21838.0,22122.0,10.0,1.0,0
CISO,2026-06-29 11:00:00,21597.0,22059.0,21325.0,21857.0,11.0,1.0,0
CISO,2026-06-29 12:00:00,21661.0,21597.0,20997.0,22040.0,12.0,1.0,0
CISO,2026-06-29 13:00:00,22654.0,21661.0,20820.0,22840.0,13.0,1.0,0
CISO,2026-06-29 14:00:00,24082.0,22654.0,21094.0,24825.0,14.0,1.0,0
CISO,2026-06-29 15:00:00,27166.0,24082.0,22888.0,29957.0,15.0,1.0,0
CISO,2026-06-29 16:00:00,29105.0,27166.0,24204.0,31676.0,16.0,1.0,0
CISO,2026-06-29 17:00:00,29718.0,29105.0,24996.0,31347.0,17.0,1.0,0
CISO,2026-06-29 18:00:00,29309.0,29718.0,25113.0,30120.0,18.0,1.0,0
CISO,2026-06-29 19:00:00,29292.0,29309.0,24406.0,28931.0,19.0,1.0,0
CISO,2026-06-29 20:00:00,28803.0,29292.0,23357.0,27760.0,20.0,1.0,0
CISO,2026-06-29 21:00:00,28659.0,28803.0,22335.0,27923.0,21.0,1.0,0
CISO,2026-06-29 22:00:00,27580.0,28659.0,22301.0,27965.0,22.0,1.0,0
CISO,2026-06-29 23:00:00,27578.0,27580.0,21532.0,28857.0,23.0,1.0,0
CISO,2026-06-30 00:00:00,28451.0,27578.0,22680.0,30210.0,0.0,2.0,0
CISO,2026-06-30 01:00:00,30076.0,28451.0,24637.0,31973.0,1.0,2.0,0
CISO,2026-06-30 02:00:00,30118.0,30076.0,26408.0,32751.0,2.0,2.0,0
CISO,2026-06-30 03:00:00,30201.0,30118.0,26831.0,32813.0,3.0,2.0,0
CISO,2026-06-30 04:00:00,30194.0,30201.0,27327.0,32430.0,4.0,2.0,0
CISO,2026-06-30 05:00:00,29915.0,30194.0,27210.0,31718.0,5.0,2.0,0
CISO,2026-06-30 06:00:00,28165.0,29915.0,25872.0,29648.0,6.0,2.0,0
CISO,2026-06-30 07:00:00,26292.0,28165.0,24445.0,27446.0,7.0,2.0,0
CISO,2026-06-30 08:00:00,25324.0,26292.0,23883.0,26089.0,8.0,2.0,0
CISO,2026-06-30 09:00:00,23852.0,25324.0,22723.0,24626.0,9.0,2.0,0
CISO,2026-06-30 10:00:00,22852.0,23852.0,22059.0,23702.0,10.0,2.0,0
CISO,2026-06-30 11:00:00,22485.0,22852.0,21597.0,23260.0,11.0,2.0,0
CISO,2026-06-30 12:00:00,22541.0,22485.0,21661.0,23205.0,12.0,2.0,0
CISO,2026-06-30 13:00:00,23225.0,22541.0,22654.0,23896.0,13.0,2.0,0
CISO,2026-06-30 14:00:00,24746.0,23225.0,24082.0,25392.0,14.0,2.0,0
CISO,2026-06-30 15:00:00,27826.0,24746.0,27166.0,29339.0,15.0,2.0,0
CISO,2026-06-30 16:00:00,29201.0,27826.0,29105.0,31539.0,16.0,2.0,0
CISO,2026-06-30 17:00:00,29805.0,29201.0,29718.0,31382.0,17.0,2.0,0
CISO,2026-06-30 18:00:00,29654.0,29805.0,29309.0,31224.0,18.0,2.0,0
CISO,2026-06-30 19:00:00,29754.0,29654.0,29292.0,29745.0,19.0,2.0,0
CISO,2026-06-30 20:00:00,29013.0,29754.0,28803.0,29062.0,20.0,2.0,0
CISO,2026-06-30 21:00:00,28923.0,29013.0,28659.0,29834.0,21.0,2.0,0
CISO,2026-06-30 22:00:00,28760.0,28923.0,27580.0,30529.0,22.0,2.0,0
CISO,2026-06-30 23:00:00,29762.0,28760.0,27578.0,30989.0,23.0,2.0,0
CISO,2026-07-01 00:00:00,29442.0,29762.0,28451.0,31690.0,0.0,3.0,0
CISO,2026-07-01 01:00:00,29910.0,29442.0,30076.0,32037.0,1.0,3.0,0
CISO,2026-07-01 02:00:00,30044.0,29910.0,30118.0,32829.0,2.0,3.0,0
CISO,2026-07-01 03:00:00,30256.0,30044.0,30201.0,33162.0,3.0,3.0,0
CISO,2026-07-01 04:00:00,30154.0,30256.0,30194.0,32792.0,4.0,3.0,0
CISO,2026-07-01 05:00:00,30058.0,30154.0,29915.0,32350.0,5.0,3.0,0
CISO,2026-07-01 06:00:00,28595.0,30058.0,28165.0,30447.0,6.0,3.0,0
CISO,2026-07-01 07:00:00,26365.0,28595.0,26292.0,28378.0,7.0,3.0,0
CISO,2026-07-01 08:00:00,25455.0,26365.0,25324.0,27099.0,8.0,3.0,0
CISO,2026-07-01 09:00:00,24225.0,25455.0,23852.0,25441.0,9.0,3.0,0
CISO,2026-07-01 10:00:00,23353.0,24225.0,22852.0,24419.0,10.0,3.0,0
CISO,2026-07-01 11:00:00,22778.0,23353.0,22485.0,23648.0,11.0,3.0,0
CISO,2026-07-01 12:00:00,22771.0,22778.0,22541.0,23484.0,12.0,3.0,0
CISO,2026-07-01 13:00:00,23405.0,22771.0,23225.0,24354.0,13.0,3.0,0
CISO,2026-07-01 14:00:00,24588.0,23405.0,24746.0,25156.0,14.0,3.0,0
CISO,2026-07-01 15:00:00,27014.0,24588.0,27826.0,26686.0,15.0,3.0,0
CISO,2026-07-01 16:00:00,28542.0,27014.0,29201.0,28055.0,16.0,3.0,0
CISO,2026-07-01 17:00:00,28752.0,28542.0,29805.0,28437.0,17.0,3.0,0
CISO,2026-07-01 18:00:00,28699.0,28752.0,29654.0,29205.0,18.0,3.0,0
CISO,2026-07-01 19:00:00,28981.0,28699.0,29754.0,28798.0,19.0,3.0,0
CISO,2026-07-01 20:00:00,28630.0,28981.0,29013.0,29556.0,20.0,3.0,0
CISO,2026-07-01 21:00:00,28319.0,28630.0,28923.0,29000.0,21.0,3.0,0
CISO,2026-07-01 22:00:00,28132.0,28319.0,28760.0,29779.0,22.0,3.0,0
CISO,2026-07-01 23:00:00,28508.0,28132.0,29762.0,31544.0,23.0,3.0,0
CISO,2026-07-02 00:00:00,28432.0,28508.0,29442.0,32628.0,0.0,4.0,0
CISO,2026-07-02 01:00:00,29244.0,28432.0,29910.0,33966.0,1.0,4.0,0
CISO,2026-07-02 02:00:00,29970.0,29244.0,30044.0,33779.0,2.0,4.0,0
CISO,2026-07-02 03:00:00,30083.0,29970.0,30256.0,33013.0,3.0,4.0,0
CISO,2026-07-02 04:00:00,30390.0,30083.0,30154.0,32288.0,4.0,4.0,0
CISO,2026-07-02 05:00:00,30105.0,30390.0,30058.0,31974.0,5.0,4.0,0
CISO,2026-07-02 06:00:00,28522.0,30105.0,28595.0,30094.0,6.0,4.0,0
CISO,2026-07-02 07:00:00,26484.0,28522.0,26365.0,28145.0,7.0,4.0,0
CISO,2026-07-02 08:00:00,25498.0,26484.0,25455.0,26606.0,8.0,4.0,0
CISO,2026-07-02 09:00:00,24269.0,25498.0,24225.0,25162.0,9.0,4.0,0
CISO,2026-07-02 10:00:00,23130.0,24269.0,23353.0,24070.0,10.0,4.0,0
CISO,2026-07-02 11:00:00,22601.0,23130.0,22778.0,23483.0,11.0,4.0,0
CISO,2026-07-02 12:00:00,22731.0,22601.0,22771.0,23615.0,12.0,4.0,0
CISO,2026-07-02 13:00:00,23572.0,22731.0,23405.0,24352.0,13.0,4.0,0
CISO,2026-07-02 14:00:00,24762.0,23572.0,24588.0,24984.0,14.0,4.0,0
CISO,2026-07-02 15:00:00,28195.0,24762.0,27014.0,27934.0,15.0,4.0,0
CISO,2026-07-02 16:00:00,29146.0,28195.0,28542.0,30594.0,16.0,4.0,0
CISO,2026-07-02 17:00:00,29786.0,29146.0,28752.0,30900.0,17.0,4.0,0
CISO,2026-07-02 18:00:00,29413.0,29786.0,28699.0,30652.0,18.0,4.0,0
CISO,2026-07-02 19:00:00,29750.0,29413.0,28981.0,29914.0,19.0,4.0,0
CISO,2026-07-02 20:00:00,29084.0,29750.0,28630.0,30025.0,20.0,4.0,0
CISO,2026-07-02 21:00:00,28379.0,29084.0,28319.0,30049.0,21.0,4.0,0
CISO,2026-07-02 22:00:00,27766.0,28379.0,28132.0,29700.0,22.0,4.0,0
CISO,2026-07-02 23:00:00,28641.0,27766.0,28508.0,30623.0,23.0,4.0,0
CISO,2026-07-03 00:00:00,28832.0,28641.0,28432.0,31783.0,0.0,5.0,0
CISO,2026-07-03 01:00:00,30241.0,28832.0,29244.0,32169.0,1.0,5.0,0
CISO,2026-07-03 02:00:00,30756.0,30241.0,29970.0,32311.0,2.0,5.0,0
CISO,2026-07-03 03:00:00,31215.0,30756.0,30083.0,32084.0,3.0,5.0,0
CISO,2026-07-03 04:00:00,31278.0,31215.0,30390.0,31715.0,4.0,5.0,0
CISO,2026-07-03 05:00:00,30755.0,31278.0,30105.0,31125.0,5.0,5.0,0
CISO,2026-07-03 06:00:00,28906.0,30755.0,28522.0,29238.0,6.0,5.0,0
CISO,2026-07-03 07:00:00,26855.0,28906.0,26484.0,27308.0,7.0,5.0,0
CISO,2026-07-03 08:00:00,25719.0,26855.0,25498.0,26106.0,8.0,5.0,0
CISO,2026-07-03 09:00:00,24262.0,25719.0,24269.0,24728.0,9.0,5.0,0
CISO,2026-07-03 10:00:00,23169.0,24262.0,23130.0,23697.0,10.0,5.0,0
CISO,2026-07-03 11:00:00,22478.0,23169.0,22601.0,23133.0,11.0,5.0,0
CISO,2026-07-03 12:00:00,22194.0,22478.0,22731.0,23113.0,12.0,5.0,0
CISO,2026-07-03 13:00:00,22523.0,22194.0,23572.0,23766.0,13.0,5.0,0
CISO,2026-07-03 14:00:00,22831.0,22523.0,24762.0,24691.0,14.0,5.0,0
CISO,2026-07-03 15:00:00,26161.0,22831.0,28195.0,26554.0,15.0,5.0,0
CISO,2026-07-03 16:00:00,28684.0,26161.0,29146.0,28946.0,16.0,5.0,0
CISO,2026-07-03 17:00:00,28801.0,28684.0,29786.0,29895.0,17.0,5.0,0
CISO,2026-07-03 18:00:00,28362.0,28801.0,29413.0,29646.0,18.0,5.0,0
CISO,2026-07-03 19:00:00,27385.0,28362.0,29750.0,29601.0,19.0,5.0,0
CISO,2026-07-03 20:00:00,27172.0,27385.0,29084.0,30354.0,20.0,5.0,0
CISO,2026-07-03 21:00:00,26582.0,27172.0,28379.0,29853.0,21.0,5.0,0
CISO,2026-07-03 22:00:00,26864.0,26582.0,27766.0,29281.0,22.0,5.0,0
