respondent,period,demand,lag_1h,lag_24h,lag_168h,hour_of_day,day_of_week,is_weekend,actual,lower_prediction,upper_prediction,conformal_lower,conformal_upper,interval_width,inside_interval
CISO,2026-07-09 15:00:00,30252.0,25824.0,29646.0,28195.0,15.0,4.0,0,30252.0,26224.107528893237,28416.49362147375,25661.218777965016,28979.38237240197,3318.1635944369555,False
CISO,2026-07-09 16:00:00,33739.0,30252.0,32503.0,29146.0,16.0,4.0,0,33739.0,29460.48134300085,31636.236830138587,28897.59259207263,32199.125581066808,3301.5329889941786,False
CISO,2026-07-09 17:00:00,34068.0,33739.0,32788.0,29786.0,17.0,4.0,0,34068.0,30688.86509859213,33966.94327108724,30125.97634766391,34529.832022015464,4403.855674351555,True
CISO,2026-07-09 18:00:00,32626.0,34068.0,31857.0,29413.0,18.0,4.0,0,32626.0,30675.04036823345,33523.50096111141,30112.15161730523,34086.38971203963,3974.238094734399,True
CISO,2026-07-09 19:00:00,32056.0,32626.0,30901.0,29750.0,19.0,4.0,0,32056.0,30478.49394638917,33059.6539143579,29915.60519546095,33622.54266528612,3706.9374698251704,True
CISO,2026-07-09 20:00:00,32143.0,32056.0,30032.0,29084.0,20.0,4.0,0,32143.0,30291.848712659943,31837.527856854358,29728.95996173172,32400.41660778258,2671.4566460508577,True
CISO,2026-07-09 21:00:00,31223.0,32143.0,29601.0,28379.0,21.0,4.0,0,31223.0,28595.332626629297,31736.155219803008,28032.443875701076,32299.04397073123,4266.600095030153,True
CISO,2026-07-09 22:00:00,31841.0,31223.0,30461.0,27766.0,22.0,4.0,0,31841.0,28652.829215791524,32029.961040450347,28089.940464863303,32592.84979137857,4502.909326515266,True
CISO,2026-07-09 23:00:00,32577.0,31841.0,32038.0,28641.0,23.0,4.0,0,32577.0,27433.927623070518,32673.42731459748,26871.038872142297,33236.3160655257,6365.277193383405,True
CISO,2026-07-10 00:00:00,34758.0,32577.0,33216.0,28832.0,0.0,5.0,0,34758.0,30864.159432227152,35191.537895131565,30301.27068129893,35754.42664605979,5453.155964760856,True
CISO,2026-07-10 01:00:00,36434.0,34758.0,34953.0,30241.0,1.0,5.0,0,36434.0,31444.130216944734,35364.02579280373,30881.241466016512,35926.91454373195,5045.673077715441,False
CISO,2026-07-10 02:00:00,36673.0,36434.0,35875.0,30756.0,2.0,5.0,0,36673.0,30980.175033715484,35359.58785792151,30417.286282787263,35922.476608849734,5505.190326062471,False
CISO,2026-07-10 03:00:00,36185.0,36673.0,35525.0,31215.0,3.0,5.0,0,36185.0,30980.175033715484,35050.129690507274,30417.286282787263,35613.018441435495,5195.732158648232,False
CISO,2026-07-10 04:00:00,35475.0,36185.0,34797.0,31278.0,4.0,5.0,0,35475.0,30881.05353490388,34258.85670366131,30318.16478397566,34821.74545458953,4503.580670613872,False
CISO,2026-07-10 05:00:00,34692.0,35475.0,33911.0,30755.0,5.0,5.0,0,34692.0,30780.067071045432,33643.26608340578,30217.17832011721,34206.154834334004,3988.9765142167926,False
CISO,2026-07-10 06:00:00,32382.0,34692.0,31579.0,28906.0,6.0,5.0,0,32382.0,30203.814759154076,32624.183518822916,29640.926008225855,33187.07226975114,3546.146261525282,True
CISO,2026-07-10 07:00:00,29821.0,32382.0,29170.0,26855.0,7.0,5.0,0,29821.0,29639.27963318897,30448.52488978092,29076.39088226075,31011.413640709143,1935.0227584483946,True
CISO,2026-07-10 08:00:00,28208.0,29821.0,27609.0,25719.0,8.0,5.0,0,28208.0,28310.214501152037,29552.600048681838,27747.325750223816,30115.48879961006,2368.163049386243,True
CISO,2026-07-10 09:00:00,26489.0,28208.0,25955.0,24262.0,9.0,5.0,0,26489.0,26314.40533334355,27363.45689210053,25751.51658241533,27926.34564302875,2174.8290606134215,True
CISO,2026-07-10 10:00:00,25092.0,26489.0,24716.0,23169.0,10.0,5.0,0,25092.0,24963.47124971025,25872.5018405269,24400.582498782027,26435.39059145512,2034.8080926730945,True
CISO,2026-07-10 11:00:00,24222.0,25092.0,24153.0,22478.0,11.0,5.0,0,24222.0,23672.970199626863,24416.243856080528,23110.081448698642,24979.13260700875,1869.051158310107,True
CISO,2026-07-10 12:00:00,24212.0,24222.0,23924.0,22194.0,12.0,5.0,0,24212.0,22924.249037157624,23864.86715403458,22361.360286229403,24427.7559049628,2066.395618733397,True
CISO,2026-07-10 13:00:00,24878.0,24212.0,24396.0,22523.0,13.0,5.0,0,24878.0,23186.39351157696,23871.274104000528,22623.50476064874,24434.16285492875,1810.6580942800101,False
CISO,2026-07-10 14:00:00,25983.0,24878.0,25824.0,22831.0,14.0,5.0,0,25983.0,24249.829182113226,25293.926791539598,23686.940431185005,25856.81554246782,2169.875111282814,False
CISO,2026-07-10 15:00:00,29774.0,25983.0,30252.0,26161.0,15.0,5.0,0,29774.0,26096.049886586996,28403.064987143916,25533.161135658775,28965.953738072138,3432.792602413363,False
CISO,2026-07-10 16:00:00,32837.0,29774.0,33739.0,28684.0,16.0,5.0,0,32837.0,28557.18848305129,31331.087731004493,27994.29973212307,31893.976481932714,3899.676749809645,False
CISO,2026-07-10 17:00:00,33485.0,32837.0,34068.0,28801.0,17.0,5.0,0,33485.0,30706.02774017146,33984.45803775925,30143.138989243238,34547.34678868747,4404.207799444233,True
CISO,2026-07-10 18:00:00,33376.0,33485.0,32626.0,28362.0,18.0,5.0,0,33376.0,30747.4040852135,33882.40584489423,30184.51533428528,34445.29459582245,4260.779261537173,True
CISO,2026-07-10 19:00:00,32489.0,33376.0,32056.0,27385.0,19.0,5.0,0,32489.0,30707.199339843704,33578.464551874,30144.310588915483,34141.35330280222,3997.042713886738,True
CISO,2026-07-10 20:00:00,32806.0,32489.0,32143.0,27172.0,20.0,5.0,0,32806.0,30377.982266872248,33591.022651108826,29815.093515944027,34153.91140203705,4338.81788609302,True
CISO,2026-07-10 21:00:00,32020.0,32806.0,31223.0,26582.0,21.0,5.0,0,32020.0,28554.996545587004,33300.93721054349,27992.107794658783,33863.82596147171,5871.718166812927,True
CISO,2026-07-10 22:00:00,32687.0,32020.0,31841.0,26864.0,22.0,5.0,0,32687.0,28250.70804891896,32947.905604588166,27687.81929799074,33510.79435551639,5822.975057525648,True
CISO,2026-07-10 23:00:00,32704.0,32687.0,32577.0,27937.0,23.0,5.0,0,32704.0,27046.51230580545,34014.09543851684,26483.623554877227,34576.98418944506,8093.360634567831,True
CISO,2026-07-11 00:00:00,34050.0,32704.0,34758.0,29459.0,0.0,6.0,1,34050.0,30890.261528215924,35179.94827316602,30327.372777287703,35742.83702409424,5415.464246806536,True
CISO,2026-07-11 01:00:00,34927.0,34050.0,36434.0,30518.0,1.0,6.0,1,34927.0,31447.369637289274,35400.94245025114,30884.480886361052,35963.83120117936,5079.350314818308,True
CISO,2026-07-11 02:00:00,35516.0,34927.0,36673.0,31337.0,2.0,6.0,1,35516.0,30984.167400294195,35401.41746715982,30421.278649365973,35964.306218088044,5543.027568722071,True
CISO,2026-07-11 03:00:00,35383.0,35516.0,36185.0,31847.0,3.0,6.0,1,35383.0,30984.167400294195,35065.93388799172,30421.278649365973,35628.82263891994,5207.543989553968,True
CISO,2026-07-11 04:00:00,34639.0,35383.0,35475.0,31464.0,4.0,6.0,1,34639.0,30859.432928684535,34262.81786848451,30296.544177756314,34825.70661941273,4529.162441656419,True
CISO,2026-07-11 05:00:00,33836.0,34639.0,34692.0,30768.0,5.0,6.0,1,33836.0,30738.825535461,33637.227905137835,30175.93678453278,34200.11665606606,4024.179871533277,True
CISO,2026-07-11 06:00:00,31900.0,33836.0,32382.0,29245.0,6.0,6.0,1,31900.0,30187.78914170693,33093.9407016226,29624.90039077871,33656.829452550824,4031.9290617721163,True
CISO,2026-07-11 07:00:00,29344.0,31900.0,29821.0,27225.0,7.0,6.0,1,29344.0,29817.752015961487,31126.738657509602,29254.863265033266,31689.627408437824,2434.764143404558,True
CISO,2026-07-11 08:00:00,27781.0,29344.0,28208.0,26053.0,8.0,6.0,1,27781.0,27570.559547961337,28844.55600578541,27007.670797033115,29407.44475671363,2399.773959680515,True
CISO,2026-07-11 09:00:00,26150.0,27781.0,26489.0,24487.0,9.0,6.0,1,26150.0,26263.696223296894,27193.262728909795,25700.807472368673,27756.151479838016,2055.3440074693426,True
CISO,2026-07-11 10:00:00,24799.0,26150.0,25092.0,23331.0,10.0,6.0,1,24799.0,24633.00430155584,25712.70611434343,24070.11555062762,26275.59486527165,2205.4793146440315,True
CISO,2026-07-11 11:00:00,23821.0,24799.0,24222.0,22521.0,11.0,6.0,1,23821.0,23554.488797375845,24108.327387293033,22991.600046447624,24671.216138221254,1679.6160917736306,True
CISO,2026-07-11 12:00:00,23300.0,23821.0,24212.0,22167.0,12.0,6.0,1,23300.0,22773.520189940456,23631.75026440002,22210.631439012235,24194.63901532824,1984.0075763160057,True
CISO,2026-07-11 13:00:00,23430.0,23300.0,24878.0,22183.0,13.0,6.0,1,23430.0,22636.17538633343,23713.730448400584,22073.28663540521,24276.619199328805,2203.3325639235954,True
CISO,2026-07-11 14:00:00,24186.0,23430.0,25983.0,22657.0,14.0,6.0,1,24186.0,22959.52874195618,24726.59994432785,22396.639991027958,25289.48869525607,2892.848704228112,True
CISO,2026-07-11 15:00:00,27948.0,24186.0,29774.0,26301.0,15.0,6.0,1,27948.0,24415.013335949552,27134.507027998032,23852.12458502133,27697.395778926253,3845.2711939049223,False
CISO,2026-07-11 16:00:00,29627.0,27948.0,32837.0,29379.0,16.0,6.0,1,29627.0,27470.047349158864,29739.042957343252,26907.158598230642,30301.931708271473,3394.773110040831,True
CISO,2026-07-11 17:00:00,31057.0,29627.0,33485.0,29364.0,17.0,6.0,1,31057.0,28321.983491511495,31534.98635439658,27759.094740583274,32097.8751053248,4338.780364741528,True
CISO,2026-07-11 18:00:00,30705.0,31057.0,33376.0,29585.0,18.0,6.0,1,30705.0,29373.084526232306,32309.574616279788,28810.195775304084,32872.46336720801,4062.2675919039248,True
CISO,2026-07-11 19:00:00,29416.0,30705.0,32489.0,29157.0,19.0,6.0,1,29416.0,29279.973573973453,31824.733686007003,28717.084823045232,32387.622436935224,3670.537613889992,True
CISO,2026-07-11 20:00:00,29068.0,29416.0,32806.0,27032.0,20.0,6.0,1,29068.0,28150.39259520442,30790.924226924526,27587.503844276198,31353.812977852747,3766.3091335765494,True
CISO,2026-07-11 21:00:00,28609.0,29068.0,32020.0,26066.0,21.0,6.0,1,28609.0,28070.900057325685,29333.32901585865,27508.011306397464,29896.21776678687,2388.206460389407,True
CISO,2026-07-11 22:00:00,29686.0,28609.0,32687.0,26154.0,22.0,6.0,1,29686.0,27379.009937676277,29789.67947341876,26816.121186748056,30352.568224346982,3536.447037598926,True
CISO,2026-07-11 23:00:00,30986.0,29686.0,32704.0,27626.0,23.0,6.0,1,30986.0,27016.791657118592,31300.771209535298,26453.90290619037,31863.65996046352,5409.757054273148,True
CISO,2026-07-12 00:00:00,32228.0,30986.0,34050.0,28169.0,0.0,0.0,1,32228.0,28829.614055176648,33339.12343877418,28266.725304248426,33902.0121897024,5635.286885453974,True
CISO,2026-07-12 01:00:00,33150.0,32228.0,34927.0,29465.0,1.0,0.0,1,33150.0,30965.14964888179,34258.908870234445,30402.26089795357,34821.79762116267,4419.5367232090975,True
CISO,2026-07-12 02:00:00,33153.0,33150.0,35516.0,30663.0,2.0,0.0,1,33153.0,30452.8780522814,35369.63462310397,29889.98930135318,35932.52337403219,6042.534072679013,True
CISO,2026-07-12 03:00:00,32725.0,33153.0,35383.0,30677.0,3.0,0.0,1,32725.0,30452.8780522814,35041.124424946094,29889.98930135318,35604.013175874315,5714.023874521135,True
CISO,2026-07-12 04:00:00,32315.0,32725.0,34639.0,30127.0,4.0,0.0,1,32315.0,30322.767732720902,34237.84143708531,29759.87898179268,34800.730188013535,5040.851206220854,True
CISO,2026-07-12 05:00:00,32006.0,32315.0,33836.0,29280.0,5.0,0.0,1,32006.0,30193.26441009334,32465.425806903513,29630.375659165118,33028.314557831734,3397.9388986666163,True
CISO,2026-07-12 06:00:00,30229.0,32006.0,31900.0,28417.0,6.0,0.0,1,30229.0,29688.681349298196,31975.449617650527,29125.792598369975,32538.33836857875,3412.5457702087733,True
CISO,2026-07-12 07:00:00,28512.0,30229.0,29344.0,27159.0,7.0,0.0,1,28512.0,27799.34148939778,29859.922722927648,27236.452738469558,30422.81147385587,3186.3587353863113,True
CISO,2026-07-12 08:00:00,27216.0,28512.0,27781.0,25919.0,8.0,0.0,1,27216.0,27021.101704808654,28315.643164417666,26458.212953880433,28878.531915345888,2420.318961465455,True
CISO,2026-07-12 09:00:00,25731.0,27216.0,26150.0,24601.0,9.0,0.0,1,25731.0,25644.393626657544,26716.099804632682,25081.504875729323,27278.988555560903,2197.483679831581,True
CISO,2026-07-12 10:00:00,24421.0,25731.0,24799.0,23296.0,10.0,0.0,1,24421.0,24156.163854607374,24800.468085352004,23593.275103679152,25363.356836280225,1770.0817326010729,True
CISO,2026-07-12 11:00:00,23629.0,24421.0,23821.0,22432.0,11.0,0.0,1,23629.0,23288.453537813682,23906.52807686804,22725.56478688546,24469.41682779626,1743.8520409107987,True
CISO,2026-07-12 12:00:00,23268.0,23629.0,23300.0,22071.0,12.0,0.0,1,23268.0,22706.474316477284,23476.016658917695,22143.585565549063,24038.905409845916,1895.3198442968533,True
CISO,2026-07-12 13:00:00,23158.0,23268.0,23430.0,22080.0,13.0,0.0,1,23158.0,22509.00604584763,23535.766089629582,21946.117294919408,24098.654840557803,2152.5375456383954,True
CISO,2026-07-12 14:00:00,23990.0,23158.0,24186.0,21987.0,14.0,0.0,1,23990.0,22731.13392864348,24446.68988910041,22168.24517771526,25009.57864002863,2841.3334623133705,True
CISO,2026-07-12 15:00:00,25750.0,23990.0,27948.0,23717.0,15.0,0.0,1,25750.0,23638.452473853064,26529.94787243661,23075.563722924842,27092.83662336483,4017.272900439988,True
CISO,2026-07-12 16:00:00,26777.0,25750.0,29627.0,27152.0,16.0,0.0,1,26777.0,25464.836098446143,28051.815302686042,24901.947347517922,28614.704053614263,3712.756706096341,True
CISO,2026-07-12 17:00:00,27735.0,26777.0,31057.0,27658.0,17.0,0.0,1,27735.0,26470.159301392658,29502.683178570052,25907.270550464436,30065.571929498274,4158.301379033837,True
CISO,2026-07-12 18:00:00,29878.0,27735.0,30705.0,27811.0,18.0,0.0,1,29878.0,27486.872471797666,29143.526278381734,26923.983720869444,29706.415029309956,2782.431308440511,False
CISO,2026-07-12 19:00:00,31039.0,29878.0,29416.0,28397.0,19.0,0.0,1,31039.0,28426.087651393434,30430.93334505084,27863.198900465213,30993.82209597906,3130.6231955138464,False
CISO,2026-07-12 20:00:00,30857.0,31039.0,29068.0,28279.0,20.0,0.0,1,30857.0,28379.14866950629,30864.19767505659,27816.259918578067,31427.08642598481,3610.826507406742,True
CISO,2026-07-12 21:00:00,31322.0,30857.0,28609.0,28370.0,21.0,0.0,1,31322.0,26666.20063685974,31021.732528698994,26103.31188593152,31584.621279627216,5481.3093936956975,True
CISO,2026-07-12 22:00:00,31302.0,31322.0,29686.0,27926.0,22.0,0.0,1,31302.0,26964.655034751544,31551.973039020322,26401.766283823323,32114.861789948543,5713.095506125221,True
CISO,2026-07-12 23:00:00,31286.0,31302.0,30986.0,28469.0,23.0,0.0,1,31286.0,26278.908283540197,31965.260742632858,25716.019532611976,32528.14949356108,6812.129960949103,True
CISO,2026-07-13 00:00:00,31178.0,31286.0,32228.0,29583.0,0.0,1.0,0,31178.0,30369.361649164304,33445.34715228103,29806.472898236083,34008.23590320925,4201.763004973167,True
CISO,2026-07-13 01:00:00,31988.0,31178.0,33150.0,31030.0,1.0,1.0,0,31988.0,31243.07682679806,34035.57488386315,30680.18807586984,34598.46363479137,3918.2755589215303,True
CISO,2026-07-13 02:00:00,32564.0,31988.0,33153.0,31827.0,2.0,1.0,0,32564.0,30782.782469148442,34276.97534518933,30219.89371822022,34839.86409611755,4619.970377897327,True
CISO,2026-07-13 03:00:00,32777.0,32564.0,32725.0,31765.0,3.0,1.0,0,32777.0,30782.782469148442,35079.85209298816,30219.89371822022,35642.740843916385,5422.847125696164,True
CISO,2026-07-13 04:00:00,32692.0,32777.0,32315.0,31302.0,4.0,1.0,0,32692.0,30669.24137026989,33836.77798359401,30106.35261934167,34399.66673452223,4293.314115180561,True
CISO,2026-07-13 05:00:00,32524.0,32692.0,32006.0,30910.0,5.0,1.0,0,32524.0,30548.349041612284,33155.736822947,29985.460290684063,33718.62557387522,3733.1652831911597,True
CISO,2026-07-13 06:00:00,30816.0,32524.0,30229.0,28976.0,6.0,1.0,0,30816.0,29804.07611631667,32487.183622488337,29241.18736538845,33050.07237341656,3808.885008028108,True
CISO,2026-07-13 07:00:00,28780.0,30816.0,28512.0,27099.0,7.0,1.0,0,28780.0,28122.697394011328,30375.39775057768,27559.808643083106,30938.2865015059,3378.4778584227934,True
CISO,2026-07-13 08:00:00,27538.0,28780.0,27216.0,25719.0,8.0,1.0,0,27538.0,26670.464218773937,28606.71286532695,26107.575467845716,29169.60161625517,3062.0261484094553,True
CISO,2026-07-13 09:00:00,26288.0,27538.0,25731.0,24255.0,9.0,1.0,0,26288.0,26309.653364269783,26854.1070581781,25746.764613341562,27416.99580910632,1670.231195764758,True
CISO,2026-07-13 10:00:00,25349.0,26288.0,24421.0,23310.0,10.0,1.0,0,25349.0,24909.161180710464,26021.316023577077,24346.272429782242,26584.2047745053,2237.9323447230563,True
CISO,2026-07-13 11:00:00,25231.0,25349.0,23629.0,22607.0,11.0,1.0,0,25231.0,23864.59245737899,24674.734729223077,23301.703706450768,25237.6234801513,1935.9197737005306,True
CISO,2026-07-13 12:00:00,25032.0,25231.0,23268.0,22636.0,12.0,1.0,0,25032.0,23843.828532975826,24413.049642371134,23280.939782047604,24975.938393299355,1694.9986112517508,False
CISO,2026-07-13 13:00:00,25637.0,25032.0,23158.0,23457.0,13.0,1.0,0,25637.0,23859.41978116353,24667.813364403242,23296.53103023531,25230.702115331464,1934.1710850961535,False
CISO,2026-07-13 14:00:00,27046.0,25637.0,23990.0,24813.0,14.0,1.0,0,27046.0,24935.506255449003,25746.32831219894,24372.617504520782,26309.217063127162,1936.59955860638,False
CISO,2026-07-13 15:00:00,28717.0,27046.0,25750.0,28072.0,15.0,1.0,0,28717.0,25838.839698374057,27915.48335428123,25275.950947445835,28478.37210520945,3202.421157763616,False
CISO,2026-07-13 16:00:00,29851.0,28717.0,26777.0,31665.0,16.0,1.0,0,29851.0,27096.043534670498,29389.344364615237,26533.154783742277,29952.23311554346,3419.078331801182,True
CISO,2026-07-13 17:00:00,31235.0,29851.0,27735.0,32149.0,17.0,1.0,0,31235.0,28775.58382115876,30403.1525382823,28212.69507023054,30966.04128921052,2753.3462189799793,False
CISO,2026-07-13 18:00:00,33627.0,31235.0,29878.0,32435.0,18.0,1.0,0,33627.0,30283.285935526037,31572.88501218129,29720.397184597816,32135.77376310951,2415.3765785116957,False
CISO,2026-07-13 19:00:00,34403.0,33627.0,31039.0,31874.0,19.0,1.0,0,34403.0,30273.834919696248,33102.99463267899,29710.946168768027,33665.88338360721,3954.9372148391813,False
CISO,2026-07-13 20:00:00,35363.0,34403.0,30857.0,31072.0,20.0,1.0,0,35363.0,30196.358063906227,33121.336592408974,29633.469312978006,33684.225343337195,4050.756030359189,False
CISO,2026-07-13 21:00:00,36775.0,35363.0,31322.0,30290.0,21.0,1.0,0,36775.0,28656.871819089392,33254.03671993807,28093.98306816117,33816.92547086629,5722.942402705121,False
CISO,2026-07-13 22:00:00,37603.0,36775.0,31302.0,30985.0,22.0,1.0,0,37603.0,28542.54209492835,33251.17018078064,27979.65334400013,33814.05893170886,5834.40558770873,False
CISO,2026-07-13 23:00:00,38003.0,37603.0,31286.0,32206.0,23.0,1.0,0,38003.0,27371.92531742945,33240.24640506279,26809.03656650123,33803.13515599101,6994.098589489782,False
CISO,2026-07-14 00:00:00,37130.0,38003.0,31178.0,33479.0,0.0,2.0,0,37130.0,30337.140369950026,34364.4967050029,29774.251619021805,34927.38545593112,5153.133836909317,False
CISO,2026-07-14 01:00:00,37421.0,37130.0,31988.0,34572.0,1.0,2.0,0,37421.0,31253.423829087496,35021.60888051158,30690.535078159275,35584.4976314398,4893.962553280526,False
CISO,2026-07-14 02:00:00,37475.0,37421.0,32564.0,35003.0,2.0,2.0,0,37475.0,30779.245500085482,35377.44059864371,30216.35674915726,35940.32934957193,5723.972600414672,False
CISO,2026-07-14 03:00:00,37103.0,37475.0,32777.0,34618.0,3.0,2.0,0,37103.0,30779.245500085482,35067.98243122947,30216.35674915726,35630.871182157694,5414.514433000433,False
CISO,2026-07-14 04:00:00,36225.0,37103.0,32692.0,34055.0,4.0,2.0,0,36225.0,30680.124001273878,34276.70944438351,30117.235250345657,34839.59819531173,4722.362944966073,False
CISO,2026-07-14 05:00:00,35685.0,36225.0,32524.0,33221.0,5.0,2.0,0,35685.0,30565.836365884024,33655.47142679135,30002.947614955803,34218.36017771957,4215.4125627637695,False
CISO,2026-07-14 06:00:00,33308.0,35685.0,30816.0,31090.0,6.0,2.0,0,33308.0,29829.257313385595,32603.242156411663,29266.368562457374,33166.13090733989,3899.7623448825143,False
CISO,2026-07-14 07:00:00,31024.0,33308.0,28780.0,28609.0,7.0,2.0,0,31024.0,29668.211640018984,31190.011210880046,29105.322889090763,31752.899961808267,2647.577072717504,True
CISO,2026-07-14 08:00:00,29911.0,31024.0,27538.0,27122.0,8.0,2.0,0,29911.0,28267.51548464435,30333.172273180964,27704.62673371613,30896.061024109185,3191.4342903930556,True
CISO,2026-07-14 09:00:00,28156.0,29911.0,26288.0,25400.0,9.0,2.0,0,28156.0,28144.502989250654,29748.947322900272,27581.614238322432,30311.836073828494,2730.2218355060613,True
CISO,2026-07-14 10:00:00,26779.0,28156.0,25349.0,24162.0,10.0,2.0,0,26779.0,26286.228539641117,27462.288583196267,25723.339788712896,28025.177334124488,2301.837545411592,True
CISO,2026-07-14 11:00:00,25941.0,26779.0,25231.0,23328.0,11.0,2.0,0,25941.0,25433.193785444484,26345.445591462696,24870.305034516263,26908.334342390917,2038.0293078746545,True
CISO,2026-07-14 12:00:00,25737.0,25941.0,25032.0,23467.0,12.0,2.0,0,25737.0,24621.61422809771,25596.533656015323,24058.72547716949,26159.422406943544,2100.6969297740543,True
CISO,2026-07-14 13:00:00,26341.0,25737.0,25637.0,24147.0,13.0,2.0,0,26341.0,24757.127500392035,25218.210307537942,24194.238749463813,25781.099058466163,1586.8603090023498,False
CISO,2026-07-14 14:00:00,27690.0,26341.0,27046.0,25153.0,14.0,2.0,0,27690.0,25644.467933627024,26950.824839208166,25081.579182698802,27513.713590136387,2432.1344074375847,False
CISO,2026-07-14 15:00:00,31112.0,27690.0,28717.0,28417.0,15.0,2.0,0,31112.0,27130.215186889858,28749.36858299218,26567.326435961637,29312.257333920403,2744.930897958766,False
CISO,2026-07-14 16:00:00,34120.0,31112.0,29851.0,31907.0,16.0,2.0,0,34120.0,29107.175805430663,31322.168286375923,28544.28705450244,31885.057037304145,3340.769982801703,False
CISO,2026-07-14 17:00:00,35106.0,34120.0,31235.0,31780.0,17.0,2.0,0,35106.0,30442.875668022374,33249.35216114676,29879.986917094153,33812.24091207498,3932.253994980827,False
CISO,2026-07-14 18:00:00,36877.0,35106.0,33627.0,32119.0,18.0,2.0,0,36877.0,30471.393717295374,33855.1158001929,29908.504966367153,34418.00455112112,4509.4995847539685,False
CISO,2026-07-14 19:00:00,37692.0,36877.0,34403.0,31544.0,19.0,2.0,0,37692.0,30436.567119414543,33855.06870917548,29873.678368486322,34417.9574601037,4544.27909161738,False
CISO,2026-07-14 20:00:00,38233.0,37692.0,35363.0,30334.0,20.0,2.0,0,38233.0,30375.431703986873,33855.72489382314,29812.54295305865,34418.61364475136,4606.070691692712,False
CISO,2026-07-14 21:00:00,38299.0,38233.0,36775.0,30915.0,21.0,2.0,0,38299.0,28655.29978688806,34006.984741591164,28092.411035959838,34569.873492519386,6477.462456559548,False
CISO,2026-07-14 22:00:00,39196.0,38299.0,37603.0,31771.0,22.0,2.0,0,39196.0,28573.320419917152,34004.11820243373,28010.43166898893,34567.00695336195,6556.575284373022,False
CISO,2026-07-14 23:00:00,40097.0,39196.0,38003.0,32102.0,23.0,2.0,0,40097.0,27387.22664192026,33993.19442671588,26824.33789099204,34556.083177644105,7731.745286652065,False
CISO,2026-07-15 00:00:00,40941.0,40097.0,37130.0,32818.0,0.0,3.0,0,40941.0,30746.71886853288,35156.38193969405,30183.83011760466,35719.270690622274,5535.440573017615,False
CISO,2026-07-15 01:00:00,42036.0,40941.0,37421.0,34209.0,1.0,3.0,0,42036.0,31284.455786146762,35374.14887677964,30721.56703521854,35937.03762770786,5215.470592489321,False
CISO,2026-07-15 02:00:00,42464.0,42036.0,37475.0,34817.0,2.0,3.0,0,42464.0,30810.277457144748,35369.71094189742,30247.388706216527,35932.59969282564,5685.210986609116,False
CISO,2026-07-15 03:00:00,41932.0,42464.0,37103.0,34707.0,3.0,3.0,0,41932.0,30810.277457144748,35060.25277448318,30247.388706216527,35623.1415254114,5375.752819194877,False
CISO,2026-07-15 04:00:00,40400.0,41932.0,36225.0,34071.0,4.0,3.0,0,40400.0,30711.155958333144,34268.97978763722,30148.267207404922,34831.86853856544,4683.601331160517,False
CISO,2026-07-15 05:00:00,39190.0,40400.0,35685.0,33295.0,5.0,3.0,0,39190.0,30598.97321996824,33643.91376593483,30036.08446904002,34206.80251686305,4170.718047823029,False
CISO,2026-07-15 06:00:00,36393.0,39190.0,33308.0,31199.0,6.0,3.0,0,36393.0,29998.296838215767,33606.567599125505,29435.408087287546,34169.456350053726,4734.04826276618,False
CISO,2026-07-15 07:00:00,33356.0,36393.0,31024.0,28718.0,7.0,3.0,0,33356.0,29784.034039301063,32532.51589738498,29221.14528837284,33095.4046483132,3874.2593599403554,False
CISO,2026-07-15 08:00:00,31341.0,33356.0,29911.0,27427.0,8.0,3.0,0,31341.0,30059.616346429713,32270.20019260857,29496.727595501492,32833.088943536786,3336.361348035294,True
CISO,2026-07-15 09:00:00,29492.0,31341.0,28156.0,25957.0,9.0,3.0,0,29492.0,29803.205322590646,30576.011735046766,29240.316571662424,31138.900485974988,1898.5839143125631,True
CISO,2026-07-15 10:00:00,28331.0,29492.0,26779.0,25339.0,10.0,3.0,0,28331.0,27350.34138017821,29475.527648453746,26787.45262924999,30038.416399381967,3250.963770131977,True
CISO,2026-07-15 11:00:00,27647.0,28331.0,25941.0,24745.0,11.0,3.0,0,27647.0,26609.023553983407,28146.3105400715,26046.134803055185,28709.19929099972,2663.0644879445354,True
CISO,2026-07-15 12:00:00,27196.0,27647.0,25737.0,24119.0,12.0,3.0,0,27196.0,26322.411927653215,26946.22786273385,25759.523176724993,27509.11661366207,1749.593436937077,True
CISO,2026-07-15 13:00:00,27278.0,27196.0,26341.0,24549.0,13.0,3.0,0,27278.0,25626.96936615787,26839.57018628895,25064.08061522965,27402.458937217172,2338.378321987522,True
CISO,2026-07-15 14:00:00,28333.0,27278.0,27690.0,26130.0,14.0,3.0,0,28333.0,26009.87755578052,27697.818979365486,25446.9888048523,28260.707730293707,2813.718925441408,False
CISO,2026-07-15 15:00:00,33242.0,28333.0,31112.0,29646.0,15.0,3.0,0,33242.0,27521.615811402095,29755.910451324507,26958.727060473873,30318.79920225273,3360.0721417788554,False
CISO,2026-07-15 16:00:00,37170.0,33242.0,34120.0,32503.0,16.0,3.0,0,37170.0,30519.322387477336,33874.7775945769,29956.433636549114,34437.666345505124,4481.232708956009,False
CISO,2026-07-15 17:00:00,37934.0,37170.0,35106.0,32788.0,17.0,3.0,0,37934.0,30483.403450059326,33944.13341724894,29920.514699131105,34507.02216817716,4586.507469046053,False
CISO,2026-07-15 18:00:00,37187.0,37934.0,36877.0,31857.0,18.0,3.0,0,37187.0,30482.73944280204,33847.90557377635,29919.85069187382,34410.79432470457,4490.943632830749,False
CISO,2026-07-15 19:00:00,37413.0,37187.0,37692.0,30901.0,19.0,3.0,0,37413.0,30434.028873568815,33847.85848275893,29871.140122640594,34410.74723368715,4539.607111046556,False
CISO,2026-07-15 20:00:00,38332.0,37413.0,38233.0,30032.0,20.0,3.0,0,38332.0,30347.536417594307,33848.83332905566,29784.647666666086,34411.72207998388,4627.074413317798,False
CISO,2026-07-15 21:00:00,39277.0,38332.0,38299.0,29601.0,21.0,3.0,0,39277.0,28646.867268045255,34007.30417098865,28083.978517117033,34570.192921916874,6486.214404799841,False
CISO,2026-07-15 22:00:00,40443.0,39277.0,39196.0,30461.0,22.0,3.0,0,40443.0,28497.419172011414,34004.11897018215,27934.530421083193,34567.00772111037,6632.477300027178,False
CISO,2026-07-15 23:00:00,41602.0,40443.0,40097.0,32038.0,23.0,3.0,0,41602.0,27306.74297952918,33993.1951944643,26743.854228600958,34556.08394539252,7812.229716791564,False
CISO,2026-07-16 00:00:00,42201.0,41602.0,40941.0,33216.0,0.0,4.0,0,42201.0,30903.232123122438,35155.73425716501,30340.343372194216,35718.62300809323,5378.279635899013,False
CISO,2026-07-16 01:00:00,42866.0,42201.0,42036.0,34953.0,1.0,4.0,0,42866.0,31463.433154320108,35373.501194250595,30900.544403391887,35936.38994517882,5035.84554178693,False
CISO,2026-07-16 02:00:00,43430.0,42866.0,42464.0,35875.0,2.0,4.0,0,43430.0,30994.05900506788,35369.06325936838,30431.17025413966,35931.9520102966,5500.781756156939,False
CISO,2026-07-16 03:00:00,42825.0,43430.0,41932.0,35525.0,3.0,4.0,0,42825.0,30994.05900506788,35059.60509195414,30431.17025413966,35622.49384288236,5191.3235887427,False
CISO,2026-07-16 04:00:00,41272.0,42825.0,40400.0,34797.0,4.0,4.0,0,41272.0,30894.937506256276,34268.33210510817,30332.048755328055,34831.220856036394,4499.17210070834,False
CISO,2026-07-16 05:00:00,39713.0,41272.0,39190.0,33911.0,5.0,4.0,0,39713.0,30793.951042397828,33643.26608340578,30231.062291469607,34206.154834334004,3975.092542864397,False
CISO,2026-07-16 06:00:00,36920.0,39713.0,36393.0,31579.0,6.0,4.0,0,36920.0,30237.52912185252,33605.91991659646,29674.6403709243,34168.80866752468,4494.168296600383,False
CISO,2026-07-16 07:00:00,33898.0,36920.0,33356.0,29170.0,7.0,4.0,0,33898.0,30141.97705034757,33529.361892351415,29579.08829941935,34092.250643279636,4513.162343860287,True
CISO,2026-07-16 08:00:00,31706.0,33898.0,31341.0,27609.0,8.0,4.0,0,31706.0,30500.76456281936,32554.32790868508,29937.87581189114,33117.2166596133,3179.3408477221637,True
CISO,2026-07-16 09:00:00,29517.0,31706.0,29492.0,25955.0,9.0,4.0,0,29517.0,30142.98324809917,31125.284665567444,29580.09449717095,31688.173416495665,2108.0789193247147,False
CISO,2026-07-16 10:00:00,28188.0,29517.0,28331.0,24716.0,10.0,4.0,0,28188.0,27479.903372331268,29623.779902860973,26917.014621403046,30186.668653789195,3269.654032386148,True
CISO,2026-07-16 11:00:00,27171.0,28188.0,27647.0,24153.0,11.0,4.0,0,27171.0,26577.009515877075,27725.49947733266,26014.120764948853,28288.388228260883,2274.2674633120296,True
CISO,2026-07-16 12:00:00,26621.0,27171.0,27196.0,23924.0,12.0,4.0,0,26621.0,25504.578694173397,27060.205626481526,24941.689943245176,27623.094377409747,2681.4044341645713,True
CISO,2026-07-16 13:00:00,26912.0,26621.0,27278.0,24396.0,13.0,4.0,0,26912.0,25453.910908388712,26500.54237336075,24891.02215746049,27063.43112428897,2172.4089668284796,True
CISO,2026-07-16 14:00:00,28213.0,26912.0,28333.0,25824.0,14.0,4.0,0,28213.0,26041.451969328526,27580.001514796597,25478.563218400304,28142.890265724818,2664.327047324514,False
CISO,2026-07-16 15:00:00,31157.0,28213.0,33242.0,30252.0,15.0,4.0,0,31157.0,27662.64406270464,29490.18577527965,27099.75531177642,30053.07452620787,2953.3192144314526,False
CISO,2026-07-16 16:00:00,33317.0,31157.0,37170.0,33739.0,16.0,4.0,0,33317.0,29541.840026160353,32340.424615851625,28978.95127523213,32903.31336677985,3924.362091547715,False
CISO,2026-07-16 17:00:00,34355.0,33317.0,37934.0,34068.0,17.0,4.0,0,34355.0,30703.281187427114,33966.62460943817,30140.392436498892,34529.51336036639,4389.1209238675,True
CISO,2026-07-16 18:00:00,34876.0,34355.0,37187.0,32626.0,18.0,4.0,0,34876.0,30702.61718016983,33860.63296246172,30139.728429241608,34423.52171338994,4283.793284148334,False
CISO,2026-07-16 19:00:00,33998.0,34876.0,37413.0,32056.0,19.0,4.0,0,33998.0,30667.790582289,33860.5858714443,30104.901831360778,34423.47462237252,4318.572791011746,True
CISO,2026-07-16 20:00:00,35031.0,33998.0,38332.0,32143.0,20.0,4.0,0,35031.0,30519.478997108057,33854.59673414857,29956.590246179836,34417.48548507679,4460.895238896952,False
CISO,2026-07-16 21:00:00,35802.0,35031.0,39277.0,31223.0,21.0,4.0,0,35802.0,28815.018521293285,34010.149157180706,28252.129770365063,34573.03790810893,6320.908137743863,False
CISO,2026-07-16 22:00:00,35985.0,35802.0,40443.0,31841.0,22.0,4.0,0,35985.0,28665.51261564181,34007.28261802327,28102.623864713587,34570.171368951495,6467.547504237908,False
CISO,2026-07-16 23:00:00,39240.0,35985.0,41602.0,32577.0,23.0,4.0,0,39240.0,27479.418837644916,33996.358842305424,26916.530086716695,34559.247593233646,7642.71750651695,False
CISO,2026-07-17 00:00:00,38982.0,39240.0,42201.0,34758.0,0.0,5.0,0,38982.0,30897.438104121986,35145.0094661097,30334.549353193765,35707.898217037924,5373.3488638441595,False
CISO,2026-07-17 01:00:00,40124.0,38982.0,42866.0,36434.0,1.0,5.0,0,40124.0,31450.54193505307,35364.02579280373,30887.653184124847,35926.91454373195,5039.261359607106,False
CISO,2026-07-17 02:00:00,40046.0,40124.0,43430.0,36673.0,2.0,5.0,0,40046.0,30994.05900506788,35359.58785792151,30431.17025413966,35922.476608849734,5491.3063547100755,False
CISO,2026-07-17 03:00:00,39225.0,40046.0,42825.0,36185.0,3.0,5.0,0,39225.0,30994.05900506788,35050.129690507274,30431.17025413966,35613.018441435495,5181.848187295836,False
CISO,2026-07-17 04:00:00,38194.0,39225.0,41272.0,35475.0,4.0,5.0,0,38194.0,30894.937506256276,34258.85670366131,30332.048755328055,34821.74545458953,4489.696699261476,False
CISO,2026-07-17 05:00:00,36998.0,38194.0,39713.0,34692.0,5.0,5.0,0,36998.0,30793.951042397828,33643.26608340578,30231.062291469607,34206.154834334004,3975.092542864397,False
CISO,2026-07-17 06:00:00,34686.0,36998.0,36920.0,32382.0,6.0,5.0,0,34686.0,30237.52912185252,33605.91991659646,29674.6403709243,34168.80866752468,4494.168296600383,False
CISO,2026-07-17 07:00:00,31958.0,34686.0,33898.0,29821.0,7.0,5.0,0,31958.0,30155.137773448965,33516.30691708314,29592.249022520744,34079.19566801136,4486.946645490614,True
CISO,2026-07-17 08:00:00,30134.0,31958.0,31706.0,28208.0,8.0,5.0,0,30134.0,30550.474861227132,31865.969645789166,29987.58611029891,32428.858396717387,2441.272286418476,True
CISO,2026-07-17 09:00:00,28090.0,30134.0,29517.0,26489.0,9.0,5.0,0,28090.0,28889.16010623656,30310.969083754786,28326.271355308338,30873.857834683007,2547.5864793746696,False
CISO,2026-07-17 10:00:00,26644.0,28090.0,28188.0,25092.0,10.0,5.0,0,26644.0,26571.020988130233,27672.59759358557,26008.13223720201,28235.486344513793,2227.3541073117813,True
CISO,2026-07-17 11:00:00,25927.0,26644.0,27171.0,24222.0,11.0,5.0,0,25927.0,25447.6274139517,26448.71252682078,24884.73866302348,27011.601277749,2126.86261472552,True
CISO,2026-07-17 12:00:00,25825.0,25927.0,26621.0,24212.0,12.0,5.0,0,25825.0,24924.02521169936,26090.570361628226,24361.13646077114,26653.459112556448,2292.3226517853072,True
CISO,2026-07-17 13:00:00,26268.0,25825.0,26912.0,24878.0,13.0,5.0,0,26268.0,25122.48884516474,26113.896484039116,24559.600094236517,26676.785234967338,2117.1851407308204,True
CISO,2026-07-17 14:00:00,26887.0,26268.0,28213.0,25983.0,14.0,5.0,0,26887.0,25954.82503824071,27352.932178937077,25391.93628731249,27915.8209298653,2523.88464255281,True
CISO,2026-07-17 15:00:00,29101.0,26887.0,31157.0,29774.0,15.0,5.0,0,29101.0,26562.214233313643,28405.31813362336,25999.325482385422,28968.206884551582,2968.88140216616,False
CISO,2026-07-17 16:00:00,32135.0,29101.0,33317.0,32837.0,16.0,5.0,0,32135.0,28347.74939237302,30295.049646514937,27784.8606414448,30857.93839744316,3073.077755998358,False
CISO,2026-07-17 17:00:00,34014.0,32135.0,34355.0,33485.0,17.0,5.0,0,34014.0,30703.281187427114,32926.93479446374,30140.392436498892,33489.82354539196,3349.43110889307,False
CISO,2026-07-17 18:00:00,34732.0,34014.0,34876.0,33376.0,18.0,5.0,0,34732.0,30702.61718016983,33860.63296246172,30139.728429241608,34423.52171338994,4283.793284148334,False
CISO,2026-07-17 19:00:00,34617.0,34732.0,33998.0,32489.0,19.0,5.0,0,34617.0,30667.790582289,33860.5858714443,30104.901831360778,34423.47462237252,4318.572791011746,False
CISO,2026-07-17 20:00:00,34570.0,34617.0,35031.0,32806.0,20.0,5.0,0,34570.0,30519.478997108057,33854.59673414857,29956.590246179836,34417.48548507679,4460.895238896952,False
CISO,2026-07-17 21:00:00,35360.0,34570.0,35802.0,32020.0,21.0,5.0,0,35360.0,28325.1805148783,34010.149157180706,27762.291763950077,34573.03790810893,6810.746144158849,False
CISO,2026-07-17 22:00:00,34915.0,35360.0,35985.0,32687.0,22.0,5.0,0,34915.0,28187.538401324713,34007.28261802327,27624.64965039649,34570.171368951495,6945.521718555003,False
CISO,2026-07-17 23:00:00,35813.0,34915.0,39240.0,32704.0,23.0,5.0,0,35813.0,27001.44462332783,33996.358842305424,26438.555872399607,34559.247593233646,8120.691720834038,False
CISO,2026-07-18 00:00:00,36546.0,35813.0,38982.0,34050.0,0.0,6.0,1,36546.0,30895.181033087934,35179.70572902402,30332.292282159713,35742.59447995224,5410.302197792527,False
CISO,2026-07-18 01:00:00,36886.0,36546.0,40124.0,34927.0,1.0,6.0,1,36886.0,31447.369637289274,35400.94245025114,30884.480886361052,35963.83120117936,5079.350314818308,False
CISO,2026-07-18 02:00:00,37313.0,36886.0,40046.0,35516.0,2.0,6.0,1,37313.0,30984.167400294195,35401.41746715982,30421.278649365973,35964.306218088044,5543.027568722071,False
CISO,2026-07-18 03:00:00,36856.0,37313.0,39225.0,35383.0,3.0,6.0,1,36856.0,30984.167400294195,35065.93388799172,30421.278649365973,35628.82263891994,5207.543989553968,False
CISO,2026-07-18 04:00:00,35982.0,36856.0,38194.0,34639.0,4.0,6.0,1,35982.0,30859.432928684535,34262.81786848451,30296.544177756314,34825.70661941273,4529.162441656419,False
CISO,2026-07-18 05:00:00,35063.0,35982.0,36998.0,33836.0,5.0,6.0,1,35063.0,30738.825535461,33637.227905137835,30175.93678453278,34200.11665606606,4024.179871533277,False
CISO,2026-07-18 06:00:00,33029.0,35063.0,34686.0,31900.0,6.0,6.0,1,33029.0,30209.31691914851,33603.758279646245,29646.42816822029,34166.647030574466,4520.218862354177,True
CISO,2026-07-18 07:00:00,30881.0,33029.0,31958.0,29344.0,7.0,6.0,1,30881.0,30114.44136087549,32927.36933293835,29551.55260994727,33490.258083866574,3938.7054739193045,True
CISO,2026-07-18 08:00:00,29284.0,30881.0,30134.0,27781.0,8.0,6.0,1,29284.0,29089.165779663097,30605.68949001556,28526.277028734876,31168.57824094378,2642.301212208906,True
CISO,2026-07-18 09:00:00,27747.0,29284.0,28090.0,26150.0,9.0,6.0,1,27747.0,27316.6463667378,28882.37913789204,26753.75761580958,29445.26788882026,2691.510273010681,True
CISO,2026-07-18 10:00:00,26443.0,27747.0,26644.0,24799.0,10.0,6.0,1,26443.0,26344.05936804224,27235.08821060101,25781.170617114018,27797.97696152923,2016.806344415214,True
CISO,2026-07-18 11:00:00,25423.0,26443.0,25927.0,23821.0,11.0,6.0,1,25423.0,25081.199585163613,25920.174781026788,24518.31083423539,26483.06353195501,1964.7526977196176,True
CISO,2026-07-18 12:00:00,24931.0,25423.0,25825.0,23300.0,12.0,6.0,1,24931.0,24046.071607383346,24835.86840391701,23483.182856455125,25398.757154845232,1915.5742983901073,True
CISO,2026-07-18 13:00:00,24840.0,24931.0,26268.0,23430.0,13.0,6.0,1,24840.0,23938.166368146427,24963.985167560077,23375.277617218206,25526.873918488298,2151.596301270092,True
CISO,2026-07-18 14:00:00,25140.0,24840.0,26887.0,24186.0,14.0,6.0,1,25140.0,24238.567868441525,25647.334117808852,23675.679117513304,26210.222868737073,2534.5437512237695,True
CISO,2026-07-18 15:00:00,28619.0,25140.0,29101.0,27948.0,15.0,6.0,1,28619.0,24757.993177900447,27707.190394821926,24195.104426972226,28270.079145750147,4074.974718777921,False
CISO,2026-07-18 16:00:00,32645.0,28619.0,32135.0,29627.0,16.0,6.0,1,32645.0,27628.39834232151,29976.459367370604,27065.50959139329,30539.348118298825,3473.838526905536,False
CISO,2026-07-18 17:00:00,33379.0,32645.0,34014.0,31057.0,17.0,6.0,1,33379.0,30582.008595595526,33856.86341065733,30019.119844667304,34419.75216158555,4400.632316918247,True
CISO,2026-07-18 18:00:00,32949.0,33379.0,34732.0,30705.0,18.0,6.0,1,32949.0,30581.39500023553,33744.424323948406,30018.50624930731,34307.31307487663,4288.806825569318,True
CISO,2026-07-18 19:00:00,32081.0,32949.0,34617.0,29416.0,19.0,6.0,1,32081.0,30525.292880359506,33742.242967471204,29962.404129431285,34305.131718399425,4342.7275889681405,True
CISO,2026-07-18 20:00:00,32152.0,32081.0,34570.0,29068.0,20.0,6.0,1,32152.0,30398.74033576656,32709.961150598254,29835.85158483834,33272.849901526475,3436.9983166881357,True
CISO,2026-07-18 21:00:00,31806.0,32152.0,35360.0,28609.0,21.0,6.0,1,31806.0,28158.09679889799,32866.43065379745,27595.20804796977,33429.31940472567,5834.1113567559005,True
CISO,2026-07-18 22:00:00,32201.0,31806.0,34915.0,29686.0,22.0,6.0,1,32201.0,28090.698480392457,32849.326016582825,27527.809729464236,33412.21476751105,5884.405038046811,True
CISO,2026-07-18 23:00:00,33231.0,32201.0,35813.0,30986.0,23.0,6.0,1,33231.0,26972.936439155306,32838.083579215905,26410.047688227085,33400.972330144126,6990.924641917041,True
CISO,2026-07-19 00:00:00,33393.0,33231.0,36546.0,32228.0,0.0,0.0,1,33393.0,30051.200512535204,35149.43699790214,29488.311761606983,35712.325748830364,6224.013987223381,True
CISO,2026-07-19 01:00:00,34796.0,33393.0,36886.0,33150.0,1.0,0.0,1,34796.0,30936.189144195636,35369.15960619529,30373.300393267415,35932.04835712351,5558.747963856094,True
CISO,2026-07-19 02:00:00,35747.0,34796.0,37313.0,33153.0,2.0,0.0,1,35747.0,30452.8780522814,35369.63462310397,29889.98930135318,35932.52337403219,6042.534072679013,True
CISO,2026-07-19 03:00:00,35582.0,35747.0,36856.0,32725.0,3.0,0.0,1,35582.0,30452.8780522814,35041.124424946094,29889.98930135318,35604.013175874315,5714.023874521135,True
CISO,2026-07-19 04:00:00,34879.0,35582.0,35982.0,32315.0,4.0,0.0,1,34879.0,30306.64954966417,34237.84143708531,29743.760798735948,34800.730188013535,5056.969389277587,False
CISO,2026-07-19 05:00:00,34084.0,34879.0,35063.0,32006.0,5.0,0.0,1,34084.0,30160.185528485552,33625.03131759004,29597.29677755733,34187.92006851826,4590.623290960928,True
CISO,2026-07-19 06:00:00,32165.0,34084.0,33029.0,30229.0,6.0,0.0,1,32165.0,29684.68786657504,33592.210510716584,29121.79911564682,34155.099261644806,5033.300145997986,True
CISO,2026-07-19 07:00:00,29953.0,32165.0,30881.0,28512.0,7.0,0.0,1,29953.0,29452.925933025952,31358.105826802654,28890.03718209773,31920.994577730875,3030.957395633144,True
CISO,2026-07-19 08:00:00,28489.0,29953.0,29284.0,27216.0,8.0,0.0,1,28489.0,28084.211406206134,29860.259845131975,27521.322655277912,30423.148596060197,2901.8259407822843,True
CISO,2026-07-19 09:00:00,26998.0,28489.0,27747.0,25731.0,9.0,0.0,1,26998.0,27004.816202629638,28425.830798892537,26441.927451701416,28988.71954982076,2546.792098119342,True
CISO,2026-07-19 10:00:00,25603.0,26998.0,26443.0,24421.0,10.0,0.0,1,25603.0,25603.797367221603,26548.47348781642,25040.90861629338,27111.36223874464,2070.4536224512594,True
CISO,2026-07-19 11:00:00,24629.0,25603.0,25423.0,23629.0,11.0,0.0,1,24629.0,24252.016106639916,24941.829347665076,23689.127355711695,25504.718098593297,1815.5907428816026,True
CISO,2026-07-19 12:00:00,24087.0,24629.0,24931.0,23268.0,12.0,0.0,1,24087.0,23561.76282952857,24137.92401969571,22998.874078600347,24700.812770623932,1701.9386920235847,True
CISO,2026-07-19 13:00:00,23702.0,24087.0,24840.0,23158.0,13.0,0.0,1,23702.0,23303.339877678394,23961.195954979936,22740.451126750173,24524.084705908157,1783.633579157984,True
CISO,2026-07-19 14:00:00,23601.0,23702.0,25140.0,23990.0,14.0,0.0,1,23601.0,23565.243066604693,25132.26139646839,23002.35431567647,25695.150147396613,2692.795831720141,True
CISO,2026-07-19 15:00:00,26129.0,23601.0,28619.0,25750.0,15.0,0.0,1,26129.0,23647.799379751814,26955.874860837914,23084.910628823593,27518.763611766135,4433.852982942542,True
CISO,2026-07-19 16:00:00,29042.0,26129.0,32645.0,26777.0,16.0,0.0,1,29042.0,25688.86528695313,29694.64151740484,25125.976536024908,30257.530268333063,5131.553732308155,True
CISO,2026-07-19 17:00:00,30324.0,29042.0,33379.0,27735.0,17.0,0.0,1,30324.0,27709.910085078514,30587.70894220331,27147.021334150293,31150.59769313153,4003.5763589812377,True
CISO,2026-07-19 18:00:00,30846.0,30324.0,32949.0,29878.0,18.0,0.0,1,30846.0,28875.163871955367,31659.947840862373,28312.275121027145,32222.836591790594,3910.5614707634486,True
CISO,2026-07-19 19:00:00,31231.0,30846.0,32081.0,31039.0,19.0,0.0,1,31231.0,28827.732943217576,32045.134451857903,28264.844192289354,32608.023202786124,4343.1790104967695,True
CISO,2026-07-19 20:00:00,32090.0,31231.0,32152.0,30857.0,20.0,0.0,1,32090.0,29970.932476401355,32209.835411736196,29408.043725473133,32772.72416266442,3364.680437191284,True
CISO,2026-07-19 21:00:00,32561.0,32090.0,31806.0,31322.0,21.0,0.0,1,32561.0,26923.402617403983,32584.970746385497,26360.51386647576,33147.85949731372,6787.345630837961,True
CISO,2026-07-19 22:00:00,32401.0,32561.0,32201.0,31302.0,22.0,0.0,1,32401.0,27072.07192839066,33594.0575287741,26509.183177462437,34156.94627970232,7647.7631022398855,True
CISO,2026-07-19 23:00:00,33566.0,32401.0,33231.0,31286.0,23.0,0.0,1,33566.0,26368.956914106253,32931.902462579645,25806.06816317803,33494.791213507866,7688.723050329834,False
CISO,2026-07-20 00:00:00,34758.0,33566.0,33393.0,31178.0,0.0,1.0,0,34758.0,30334.47183112549,35174.40434641433,29771.58308019727,35737.293097342554,5965.710017145284,True
CISO,2026-07-20 01:00:00,36081.0,34758.0,34796.0,31988.0,1.0,1.0,0,36081.0,31256.960798150456,35391.906560174386,30694.072047222235,35954.79531110261,5260.7232638803725,False
CISO,2026-07-20 02:00:00,36720.0,36081.0,35747.0,32564.0,2.0,1.0,0,36720.0,30782.782469148442,35387.46862529217,30219.89371822022,35950.35737622039,5730.463658000168,False
CISO,2026-07-20 03:00:00,35222.0,36720.0,35582.0,32777.0,3.0,1.0,0,35222.0,30782.782469148442,35079.85209298816,30219.89371822022,35642.740843916385,5422.847125696164,True
CISO,2026-07-20 04:00:00,34667.0,35222.0,34879.0,32692.0,4.0,1.0,0,34667.0,30683.125341622286,34288.5791061422,30120.236590694065,34851.46785707042,4731.231266376355,True
CISO,2026-07-20 05:00:00,33730.0,34667.0,34084.0,32524.0,5.0,1.0,0,33730.0,30562.23301296468,33667.34108855004,29999.34426203646,34230.22983947826,4230.885577441804,True
CISO,2026-07-20 06:00:00,31582.0,33730.0,32165.0,30816.0,6.0,1.0,0,31582.0,29999.49363156046,33119.02460701744,29436.60488063224,33681.91335794566,4245.3084773134215,True
CISO,2026-07-20 07:00:00,29184.0,31582.0,29953.0,28780.0,7.0,1.0,0,29184.0,29741.185851474474,30908.62091480889,29178.297100546253,31471.50966573711,2293.2125651908573,True
CISO,2026-07-20 08:00:00,28534.0,29184.0,28489.0,27538.0,8.0,1.0,0,28534.0,27446.503190598913,29271.119897020162,26883.61443967069,29834.008647948383,2950.394208277692,True
CISO,2026-07-20 09:00:00,26750.0,28534.0,26998.0,26288.0,9.0,1.0,0,26750.0,26690.501806858963,28230.95347791275,26127.613055930742,28793.84222884097,2666.229172910229,True
CISO,2026-07-20 10:00:00,25854.0,26750.0,25603.0,25349.0,10.0,1.0,0,25854.0,25302.59465435242,26383.110306712806,24739.705903424197,26945.999057641027,2206.29315421683,True
CISO,2026-07-20 11:00:00,25663.0,25854.0,24629.0,25231.0,11.0,1.0,0,25663.0,24841.530835194968,25634.445613631935,24278.642084266747,26197.334364560156,1918.6922802934096,True
CISO,2026-07-20 12:00:00,25509.0,25663.0,24087.0,25032.0,12.0,1.0,0,25509.0,24563.658095310955,25260.910990155324,24000.769344382734,25823.799741083545,1823.0303967008113,True
CISO,2026-07-20 13:00:00,26001.0,25509.0,23702.0,25637.0,13.0,1.0,0,26001.0,24621.811312675673,25520.545203921894,24058.92256174745,26083.433954850116,2024.5113931026644,True
CISO,2026-07-20 14:00:00,26365.0,26001.0,23601.0,27046.0,14.0,1.0,0,26365.0,25356.32465903412,26443.122879394454,24793.435908105897,27006.011630322675,2212.5757222167776,True
CISO,2026-07-20 15:00:00,28860.0,26365.0,26129.0,28717.0,15.0,1.0,0,28860.0,25763.396623128556,27518.609038812807,25200.507872200335,28081.497789741028,2880.9899175406936,False
CISO,2026-07-20 16:00:00,31246.0,28860.0,29042.0,29851.0,16.0,1.0,0,31246.0,27807.591005228453,30021.971240970062,27244.70225430023,30584.859991898284,3340.1577375980523,False
CISO,2026-07-20 17:00:00,33578.0,31246.0,30324.0,31235.0,17.0,1.0,0,33578.0,30269.48475348733,32011.071882638484,29706.59600255911,32573.960633566705,2867.3646310075965,False
CISO,2026-07-20 18:00:00,35030.0,33578.0,30846.0,33627.0,18.0,1.0,0,35030.0,30308.66151757708,33119.10264966338,29745.772766648857,33681.9914005916,3936.2186339427426,False
CISO,2026-07-20 19:00:00,35904.0,35030.0,31231.0,34403.0,19.0,1.0,0,35904.0,30420.13471799189,33102.99463267899,29857.245967063667,33665.88338360721,3808.637416543541,False
CISO,2026-07-20 20:00:00,36581.0,35904.0,32090.0,35363.0,20.0,1.0,0,36581.0,30392.572888042912,33542.76304274072,29829.68413711469,34105.65179366894,4275.96765655425,False
CISO,2026-07-20 21:00:00,37527.0,36581.0,32561.0,36775.0,21.0,1.0,0,37527.0,28681.471461134333,34003.87414290349,28118.582710206112,34566.762893831714,6448.180183625602,False
CISO,2026-07-20 22:00:00,38251.0,37527.0,32401.0,37603.0,22.0,1.0,0,38251.0,28585.60812281103,33661.69446020097,28022.71937188281,34224.58321112919,6201.86383924638,False
CISO,2026-07-20 23:00:00,38875.0,38251.0,33566.0,38003.0,23.0,1.0,0,38875.0,27401.107373959734,33990.08382802821,26838.218623031513,34552.97257895643,7714.75395592492,False
CISO,2026-07-21 00:00:00,38775.0,38875.0,34758.0,37130.0,0.0,2.0,0,38775.0,30366.32242648031,35164.11159644034,29803.43367555209,35727.000347368565,5923.566671816476,False
CISO,2026-07-21 01:00:00,38720.0,38775.0,36081.0,37421.0,1.0,2.0,0,38720.0,31253.423829087496,35381.87853352593,30690.535078159275,35944.76728445415,5254.232206294877,False
CISO,2026-07-21 02:00:00,38048.0,38720.0,36720.0,37475.0,2.0,2.0,0,38048.0,30779.245500085482,35377.44059864371,30216.35674915726,35940.32934957193,5723.972600414672,False
CISO,2026-07-21 03:00:00,37644.0,38048.0,35222.0,37103.0,3.0,2.0,0,37644.0,30779.245500085482,35067.98243122947,30216.35674915726,35630.871182157694,5414.514433000433,False
CISO,2026-07-21 04:00:00,37277.0,37644.0,34667.0,36225.0,4.0,2.0,0,37277.0,30680.124001273878,34276.70944438351,30117.235250345657,34839.59819531173,4722.362944966073,False
CISO,2026-07-21 05:00:00,36692.0,37277.0,33730.0,35685.0,5.0,2.0,0,36692.0,30565.836365884024,33655.47142679135,30002.947614955803,34218.36017771957,4215.4125627637695,False
CISO,2026-07-21 06:00:00,34632.0,36692.0,31582.0,33308.0,6.0,2.0,0,34632.0,29989.790915412992,32603.242156411663,29426.90216448477,33166.13090733989,3739.228742855117,False
CISO,2026-07-21 07:00:00,31972.0,34632.0,29184.0,31024.0,7.0,2.0,0,31972.0,29674.94017157404,31148.290663471198,29112.051420645817,31711.17941439942,2599.127993753602,False
CISO,2026-07-21 08:00:00,30235.0,31972.0,28534.0,29911.0,8.0,2.0,0,30235.0,30044.689813826066,30299.553378320492,29481.801062897845,30862.442129248713,1380.6410663508686,True
CISO,2026-07-21 09:00:00,28922.0,30235.0,26750.0,28156.0,9.0,2.0,0,28922.0,28287.749577461123,29485.316907077937,27724.860826532902,30048.205658006158,2323.344831473256,True
CISO,2026-07-21 10:00:00,27378.0,28922.0,25854.0,26779.0,10.0,2.0,0,27378.0,27162.70555538933,28303.82163234551,26599.81680446111,28866.71038327373,2266.893578812622,True
CISO,2026-07-21 11:00:00,26839.0,27378.0,25663.0,25941.0,11.0,2.0,0,26839.0,25677.51136016815,27050.262089701733,25114.62260923993,27613.150840629954,2498.5282313900243,True
CISO,2026-07-21 12:00:00,26870.0,26839.0,25509.0,25737.0,12.0,2.0,0,26870.0,25614.080985620578,26441.96170126841,25051.192234692357,27004.85045219663,1953.658217504275,True
CISO,2026-07-21 13:00:00,27101.0,26870.0,26001.0,26341.0,13.0,2.0,0,27101.0,25734.09384107628,26393.848288420588,25171.205090148058,26956.73703934881,1785.5319492007511,False
CISO,2026-07-21 14:00:00,27375.0,27101.0,26365.0,27690.0,14.0,2.0,0,27375.0,25863.85353781065,27412.917773355188,25300.96478688243,27975.80652428341,2674.8417374009805,True
CISO,2026-07-21 15:00:00,30100.0,27375.0,28860.0,31112.0,15.0,2.0,0,30100.0,26200.561279872698,28785.812999251295,25637.672528944477,29348.701750179516,3711.0292212350396,False
CISO,2026-07-21 16:00:00,31757.0,30100.0,31246.0,34120.0,16.0,2.0,0,31757.0,29216.092817892484,30855.200850263987,28653.204066964263,31418.08960119221,2764.8855342279458,False
CISO,2026-07-21 17:00:00,35332.0,31757.0,33578.0,35106.0,17.0,2.0,0,35332.0,30472.05772455266,32929.01278749501,29909.168973624437,33491.90153842323,3582.7325647987964,False
CISO,2026-07-21 18:00:00,37256.0,35332.0,35030.0,36877.0,18.0,2.0,0,37256.0,30471.393717295374,33855.1158001929,29908.504966367153,34418.00455112112,4509.4995847539685,False
CISO,2026-07-21 19:00:00,37894.0,37256.0,35904.0,37692.0,19.0,2.0,0,37894.0,30436.567119414543,33855.06870917548,29873.678368486322,34417.9574601037,4544.27909161738,False
CISO,2026-07-21 20:00:00,39322.0,37894.0,36581.0,38233.0,20.0,2.0,0,39322.0,30370.84928950153,33855.72489382314,29807.96053857331,34418.61364475136,4610.653106178055,False
CISO,2026-07-21 21:00:00,38520.0,39322.0,37527.0,38299.0,21.0,2.0,0,38520.0,28669.183758240455,34006.984741591164,28106.295007312234,34569.873492519386,6463.578485207152,False
CISO,2026-07-21 22:00:00,38371.0,38520.0,38251.0,39196.0,22.0,2.0,0,38371.0,28573.320419917152,34004.11820243373,28010.43166898893,34567.00695336195,6556.575284373022,False
CISO,2026-07-21 23:00:00,39295.0,38371.0,38875.0,40097.0,23.0,2.0,0,39295.0,27387.22664192026,33993.19442671588,26824.33789099204,34556.083177644105,7731.745286652065,False
CISO,2026-07-22 00:00:00,40993.0,39295.0,38775.0,40941.0,0.0,3.0,0,40993.0,30746.71886853288,35156.38193969405,30183.83011760466,35719.270690622274,5535.440573017615,False
CISO,2026-07-22 01:00:00,41623.0,40993.0,38720.0,42036.0,1.0,3.0,0,41623.0,31284.455786146762,35374.14887677964,30721.56703521854,35937.03762770786,5215.470592489321,False
CISO,2026-07-22 02:00:00,41973.0,41623.0,38048.0,42464.0,2.0,3.0,0,41973.0,30810.277457144748,35369.71094189742,30247.388706216527,35932.59969282564,5685.210986609116,False
CISO,2026-07-22 03:00:00,41498.0,41973.0,37644.0,41932.0,3.0,3.0,0,41498.0,30810.277457144748,35060.25277448318,30247.388706216527,35623.1415254114,5375.752819194877,False
CISO,2026-07-22 04:00:00,40466.0,41498.0,37277.0,40400.0,4.0,3.0,0,40466.0,30711.155958333144,34268.97978763722,30148.267207404922,34831.86853856544,4683.601331160517,False
CISO,2026-07-22 05:00:00,39312.0,40466.0,36692.0,39190.0,5.0,3.0,0,39312.0,30598.97321996824,33643.91376593483,30036.08446904002,34206.80251686305,4170.718047823029,False
CISO,2026-07-22 06:00:00,36627.0,39312.0,34632.0,36393.0,6.0,3.0,0,36627.0,30012.180809568163,33606.567599125505,29449.29205863994,34169.456350053726,4720.164291413785,False
CISO,2026-07-22 07:00:00,34288.0,36627.0,31972.0,33356.0,7.0,3.0,0,34288.0,29944.20554999959,32963.79839733787,29381.31679907137,33526.68714826609,4145.3703491947235,False
CISO,2026-07-22 08:00:00,32593.0,34288.0,30235.0,31341.0,8.0,3.0,0,32593.0,30073.793272733004,32340.399902748133,29510.904521804783,32903.288653676354,3392.3841318715713,True
CISO,2026-07-22 09:00:00,30340.0,32593.0,28922.0,29492.0,9.0,3.0,0,30340.0,30043.629610276545,31217.398646773287,29480.740859348323,31780.287397701508,2299.5465383531846,True
CISO,2026-07-22 10:00:00,29221.0,30340.0,27378.0,28331.0,10.0,3.0,0,29221.0,28454.779983340257,29603.47221779573,27891.891232412036,30166.36096872395,2274.4697363119158,True
CISO,2026-07-22 11:00:00,28160.0,29221.0,26839.0,27647.0,11.0,3.0,0,28160.0,27433.9989860519,28946.707967507184,26871.11023512368,29509.596718435405,2638.4864833117244,True
CISO,2026-07-22 12:00:00,27471.0,28160.0,26870.0,27196.0,12.0,3.0,0,27471.0,26665.121348654935,27869.792038691383,26102.232597726714,28432.680789619604,2330.4481918928905,True
CISO,2026-07-22 13:00:00,27359.0,27471.0,27101.0,27278.0,13.0,3.0,0,27359.0,26565.572442946195,27598.343503934444,26002.683692017974,28161.232254862665,2158.5485628446913,True
CISO,2026-07-22 14:00:00,28206.0,27359.0,27375.0,28333.0,14.0,3.0,0,28206.0,26033.978602432588,27964.9473679304,25471.089851504366,28527.83611885862,3056.746267354254,True
CISO,2026-07-22 15:00:00,31794.0,28206.0,30100.0,33242.0,15.0,3.0,0,31794.0,27366.931170936467,29105.85812588371,26804.042420008245,29668.746876811932,2864.704456803687,False
CISO,2026-07-22 16:00:00,34936.0,31794.0,31757.0,37170.0,16.0,3.0,0,34936.0,30519.322387477336,32408.90987314493,29956.433636549114,32971.798624073155,3015.3649875240408,False
CISO,2026-07-22 17:00:00,36575.0,34936.0,35332.0,37934.0,17.0,3.0,0,36575.0,30483.403450059326,33944.13341724894,29920.514699131105,34507.02216817716,4586.507469046053,False
CISO,2026-07-22 18:00:00,37386.0,36575.0,37256.0,37187.0,18.0,3.0,0,37386.0,30482.73944280204,33847.90557377635,29919.85069187382,34410.79432470457,4490.943632830749,False
CISO,2026-07-22 19:00:00,36962.0,37386.0,37894.0,37413.0,19.0,3.0,0,36962.0,30447.91284492121,33847.85848275893,29885.02409399299,34410.74723368715,4525.723139694161,False
CISO,2026-07-22 20:00:00,36569.0,36962.0,39322.0,38332.0,20.0,3.0,0,36569.0,30337.80961536224,33848.51466740659,29774.920864434018,34411.40341833481,4636.482553900794,False
CISO,2026-07-22 21:00:00,36402.0,36569.0,38520.0,39277.0,21.0,3.0,0,36402.0,28636.144084101164,34006.98550933958,28073.255333172943,34569.8742602678,6496.61892709486,False
CISO,2026-07-22 22:00:00,36257.0,36402.0,38371.0,40443.0,22.0,3.0,0,36257.0,28492.83675752607,34004.11897018215,27929.94800659785,34567.00772111037,6637.059714512521,False
CISO,2026-07-22 23:00:00,37356.0,36257.0,39295.0,41602.0,23.0,3.0,0,37356.0,27306.74297952918,33993.1951944643,26743.854228600958,34556.08394539252,7812.229716791564,False
CISO,2026-07-23 00:00:00,37674.0,37356.0,40993.0,42201.0,0.0,4.0,0,37674.0,30903.232123122438,35155.73425716501,30340.343372194216,35718.62300809323,5378.279635899013,False
CISO,2026-07-23 01:00:00,39026.0,37674.0,41623.0,42866.0,1.0,4.0,0,39026.0,31463.433154320108,35373.501194250595,30900.544403391887,35936.38994517882,5035.84554178693,False
CISO,2026-07-23 02:00:00,39311.0,39026.0,41973.0,43430.0,2.0,4.0,0,39311.0,30994.05900506788,35369.06325936838,30431.17025413966,35931.9520102966,5500.781756156939,False
CISO,2026-07-23 03:00:00,38695.0,39311.0,41498.0,42825.0,3.0,4.0,0,38695.0,30994.05900506788,35059.60509195414,30431.17025413966,35622.49384288236,5191.3235887427,False
CISO,2026-07-23 04:00:00,37711.0,38695.0,40466.0,41272.0,4.0,4.0,0,37711.0,30894.937506256276,34268.33210510817,30332.048755328055,34831.220856036394,4499.17210070834,False
CISO,2026-07-23 05:00:00,36865.0,37711.0,39312.0,39713.0,5.0,4.0,0,36865.0,30793.951042397828,33643.26608340578,30231.062291469607,34206.154834334004,3975.092542864397,False
CISO,2026-07-23 06:00:00,34532.0,36865.0,36627.0,36920.0,6.0,4.0,0,34532.0,30237.52912185252,33605.91991659646,29674.6403709243,34168.80866752468,4494.168296600383,False
CISO,2026-07-23 07:00:00,32057.0,34532.0,34288.0,33898.0,7.0,4.0,0,32057.0,30169.55386228395,33515.988255434066,29606.665111355727,34078.87700636229,4472.21189500656,True
CISO,2026-07-23 08:00:00,30391.0,32057.0,32593.0,31706.0,8.0,4.0,0,30391.0,30509.86491531446,32366.59390052791,29946.97616438624,32929.48265145613,2982.506487069888,True
CISO,2026-07-23 09:00:00,28885.0,30391.0,30340.0,29517.0,9.0,4.0,0,28885.0,29027.56238250825,30383.1107044283,28464.67363158003,30945.999455356523,2481.325823776493,True
CISO,2026-07-23 10:00:00,27623.0,28885.0,29221.0,28188.0,10.0,4.0,0,27623.0,27704.88686849006,29051.221395714725,27141.998117561838,29614.110146642946,2472.1120290811086,True
CISO,2026-07-23 11:00:00,26736.0,27623.0,28160.0,27171.0,11.0,4.0,0,26736.0,26819.861261432263,27847.475142740554,26256.97251050404,28410.363893668775,2153.3913831647333,True
CISO,2026-07-23 12:00:00,26143.0,26736.0,27471.0,26621.0,12.0,4.0,0,26143.0,25697.570809349312,26798.556560337474,25134.68205842109,27361.445311265696,2226.7632528446047,True
CISO,2026-07-23 13:00:00,26428.0,26143.0,27359.0,26912.0,13.0,4.0,0,26428.0,25493.9988262335,26439.182087486897,24931.110075305278,27002.07083841512,2070.9607631098406,True
CISO,2026-07-23 14:00:00,27139.0,26428.0,28206.0,28213.0,14.0,4.0,0,27139.0,26142.339545433504,27317.93784833365,25579.450794505283,27880.826599261873,2301.37580475659,True
CISO,2026-07-23 15:00:00,32119.0,27139.0,31794.0,31157.0,15.0,4.0,0,32119.0,26654.80138251594,28724.190731667608,26091.91263158772,29287.07948259583,3195.166851008111,False
CISO,2026-07-23 16:00:00,35499.0,32119.0,34936.0,33317.0,16.0,4.0,0,35499.0,30741.783445823392,32691.762346561532,30178.89469489517,33254.651097489754,3075.756402594583,False
CISO,2026-07-23 17:00:00,36093.0,35499.0,36575.0,34355.0,17.0,4.0,0,36093.0,30703.281187427114,33966.62460943817,30140.392436498892,34529.51336036639,4389.1209238675,False
CISO,2026-07-23 18:00:00,35448.0,36093.0,37386.0,34876.0,18.0,4.0,0,35448.0,30702.61718016983,33860.63296246172,30139.728429241608,34423.52171338994,4283.793284148334,False
CISO,2026-07-23 19:00:00,34361.0,35448.0,36962.0,33998.0,19.0,4.0,0,34361.0,30667.790582289,33860.5858714443,30104.901831360778,34423.47462237252,4318.572791011746,True
CISO,2026-07-23 20:00:00,34318.0,34361.0,36569.0,35031.0,20.0,4.0,0,34318.0,30519.478997108057,33854.59673414857,29956.590246179836,34417.48548507679,4460.895238896952,True
CISO,2026-07-23 21:00:00,34817.0,34318.0,36402.0,35802.0,21.0,4.0,0,34817.0,28828.90249264568,34010.149157180706,28266.01374171746,34573.03790810893,6307.024166391468,False
CISO,2026-07-23 22:00:00,35943.0,34817.0,36257.0,35985.0,22.0,4.0,0,35943.0,28665.51261564181,34007.28261802327,28102.623864713587,34570.171368951495,6467.547504237908,False
CISO,2026-07-23 23:00:00,37965.0,35943.0,37356.0,39240.0,23.0,4.0,0,37965.0,27479.418837644916,33996.358842305424,26916.530086716695,34559.247593233646,7642.71750651695,False
CISO,2026-07-24 00:00:00,39081.0,37965.0,37674.0,38982.0,0.0,5.0,0,39081.0,30897.438104121986,35145.0094661097,30334.549353193765,35707.898217037924,5373.3488638441595,False
CISO,2026-07-24 01:00:00,41142.0,39081.0,39026.0,40124.0,1.0,5.0,0,41142.0,31450.54193505307,35364.02579280373,30887.653184124847,35926.91454373195,5039.261359607106,False
CISO,2026-07-24 02:00:00,41241.0,41142.0,39311.0,40046.0,2.0,5.0,0,41241.0,30994.05900506788,35359.58785792151,30431.17025413966,35922.476608849734,5491.3063547100755,False
CISO,2026-07-24 03:00:00,40576.0,41241.0,38695.0,39225.0,3.0,5.0,0,40576.0,30994.05900506788,35050.129690507274,30431.17025413966,35613.018441435495,5181.848187295836,False
CISO,2026-07-24 04:00:00,39968.0,40576.0,37711.0,38194.0,4.0,5.0,0,39968.0,30894.937506256276,34258.85670366131,30332.048755328055,34821.74545458953,4489.696699261476,False
CISO,2026-07-24 05:00:00,39144.0,39968.0,36865.0,36998.0,5.0,5.0,0,39144.0,30793.951042397828,33643.26608340578,30231.062291469607,34206.154834334004,3975.092542864397,False
CISO,2026-07-24 06:00:00,36094.0,39144.0,34532.0,34686.0,6.0,5.0,0,36094.0,30237.52912185252,33605.91991659646,29674.6403709243,34168.80866752468,4494.168296600383,False
CISO,2026-07-24 07:00:00,33326.0,36094.0,32057.0,31958.0,7.0,5.0,0,33326.0,30169.55386228395,32968.92825475521,29606.665111355727,33531.81700568343,3925.1518943277006,True
CISO,2026-07-24 08:00:00,31323.0,33326.0,30391.0,30134.0,8.0,5.0,0,31323.0,30302.62870138082,32518.478815964005,29739.7399504526,33081.36756689222,3341.627616439622,True
CISO,2026-07-24 09:00:00,29439.0,31323.0,28885.0,28090.0,9.0,5.0,0,29439.0,30102.99109015788,30324.427305136105,29540.10233922966,30887.316056064326,1347.2137168346671,False
CISO,2026-07-24 10:00:00,28202.0,29439.0,27623.0,26644.0,10.0,5.0,0,28202.0,27487.91720792436,28967.90365271411,26925.02845699614,29530.792403642332,2605.7639466461915,True
CISO,2026-07-24 11:00:00,27430.0,28202.0,26736.0,25927.0,11.0,5.0,0,27430.0,26696.710720737698,27686.1521654377,26133.821969809476,28249.04091636592,2115.2189465564443,True
CISO,2026-07-24 12:00:00,26845.0,27430.0,26143.0,25825.0,12.0,5.0,0,26845.0,26439.64109241588,27154.317560390264,25876.75234148766,27717.206311318485,1840.4539698308254,True
CISO,2026-07-24 13:00:00,27284.0,26845.0,26428.0,26268.0,13.0,5.0,0,27284.0,25763.13393278679,26545.236073101853,25200.24518185857,27108.124824030074,1907.879642171505,False
CISO,2026-07-24 14:00:00,29004.0,27284.0,27139.0,26887.0,14.0,5.0,0,29004.0,25971.18028044698,27846.714181081108,25408.29152951876,28409.60293200933,3001.31140249057,False
CISO,2026-07-24 15:00:00,33305.0,29004.0,32119.0,29101.0,15.0,5.0,0,33305.0,28353.65247375172,29719.428370856927,27790.7637228235,30282.31712178515,2491.553398961649,False
CISO,2026-07-24 16:00:00,35376.0,33305.0,35499.0,32135.0,16.0,5.0,0,35376.0,30741.783445823392,33897.26878676614,30178.89469489517,34460.15753769436,4281.262842799188,False
CISO,2026-07-24 17:00:00,36123.0,35376.0,36093.0,34014.0,17.0,5.0,0,36123.0,30703.281187427114,33966.62460943817,30140.392436498892,34529.51336036639,4389.1209238675,False
CISO,2026-07-24 18:00:00,36364.0,36123.0,35448.0,34732.0,18.0,5.0,0,36364.0,30702.61718016983,33860.63296246172,30139.728429241608,34423.52171338994,4283.793284148334,False
CISO,2026-07-24 19:00:00,35944.0,36364.0,34361.0,34617.0,19.0,5.0,0,35944.0,30667.790582289,33860.5858714443,30104.901831360778,34423.47462237252,4318.572791011746,False
CISO,2026-07-24 20:00:00,35065.0,35944.0,34318.0,34570.0,20.0,5.0,0,35065.0,30519.478997108057,33854.59673414857,29956.590246179836,34417.48548507679,4460.895238896952,False
CISO,2026-07-24 21:00:00,35738.0,35065.0,34817.0,35360.0,21.0,5.0,0,35738.0,28325.1805148783,34010.149157180706,27762.291763950077,34573.03790810893,6810.746144158849,False
CISO,2026-07-24 22:00:00,36974.0,35738.0,35943.0,34915.0,22.0,5.0,0,36974.0,28187.538401324713,34007.28261802327,27624.64965039649,34570.171368951495,6945.521718555003,False
CISO,2026-07-24 23:00:00,38444.0,36974.0,37965.0,35813.0,23.0,5.0,0,38444.0,27001.44462332783,33996.358842305424,26438.555872399607,34559.247593233646,8120.691720834038,False
CISO,2026-07-25 00:00:00,39464.0,38444.0,39081.0,36546.0,0.0,6.0,1,39464.0,30895.181033087934,35179.70572902402,30332.292282159713,35742.59447995224,5410.302197792527,False
CISO,2026-07-25 01:00:00,40517.0,39464.0,41142.0,36886.0,1.0,6.0,1,40517.0,31447.369637289274,35400.94245025114,30884.480886361052,35963.83120117936,5079.350314818308,False
CISO,2026-07-25 02:00:00,40478.0,40517.0,41241.0,37313.0,2.0,6.0,1,40478.0,30984.167400294195,35401.41746715982,30421.278649365973,35964.306218088044,5543.027568722071,False
CISO,2026-07-25 03:00:00,39596.0,40478.0,40576.0,36856.0,3.0,6.0,1,39596.0,30984.167400294195,35065.93388799172,30421.278649365973,35628.82263891994,5207.543989553968,False
CISO,2026-07-25 04:00:00,38446.0,39596.0,39968.0,35982.0,4.0,6.0,1,38446.0,30859.432928684535,34262.81786848451,30296.544177756314,34825.70661941273,4529.162441656419,False
CISO,2026-07-25 05:00:00,37396.0,38446.0,39144.0,35063.0,5.0,6.0,1,37396.0,30738.825535461,33637.227905137835,30175.93678453278,34200.11665606606,4024.179871533277,False
CISO,2026-07-25 06:00:00,35353.0,37396.0,36094.0,33029.0,6.0,6.0,1,35353.0,30209.31691914851,33603.758279646245,29646.42816822029,34166.647030574466,4520.218862354177,False
CISO,2026-07-25 07:00:00,32614.0,35353.0,33326.0,30881.0,7.0,6.0,1,32614.0,30135.969138317072,33494.61746367046,29573.08038738885,34057.50621459868,4484.4258272098305,True
CISO,2026-07-25 08:00:00,30661.0,32614.0,31323.0,29284.0,8.0,6.0,1,30661.0,30415.495866041136,32490.94269135586,29852.607115112914,33053.83144228408,3201.224327171163,True
CISO,2026-07-25 09:00:00,28957.0,30661.0,29439.0,27747.0,9.0,6.0,1,28957.0,28615.975060834913,29936.378695088926,28053.086309906692,30499.267446017147,2446.1811361104556,True
CISO,2026-07-25 10:00:00,27584.0,28957.0,28202.0,26443.0,10.0,6.0,1,27584.0,27422.69816753467,28193.976560716073,26859.809416606447,28756.865311644295,1897.0558950378472,True
CISO,2026-07-25 11:00:00,26576.0,27584.0,27430.0,25423.0,11.0,6.0,1,26576.0,26589.575117400316,27225.394366579298,26026.686366472095,27788.28311750752,1761.596751035424,True
CISO,2026-07-25 12:00:00,25787.0,26576.0,26845.0,24931.0,12.0,6.0,1,25787.0,25369.91842061603,26176.8436310743,24807.02966968781,26739.732382002523,1932.7027123147127,True
CISO,2026-07-25 13:00:00,25628.0,25787.0,27284.0,24840.0,13.0,6.0,1,25628.0,24933.06694274505,25686.390048479963,24370.178191816827,26249.278799408185,1879.1006075913574,True
CISO,2026-07-25 14:00:00,26071.0,25628.0,29004.0,25140.0,14.0,6.0,1,26071.0,24687.852550969623,26452.937148640827,24124.9638000414,27015.82589956905,2890.862099527647,True
CISO,2026-07-25 15:00:00,28754.0,26071.0,33305.0,28619.0,15.0,6.0,1,28754.0,26043.44609674412,28439.958388286173,25480.557345815898,29002.847139214395,3522.289793398497,True
CISO,2026-07-25 16:00:00,32852.0,28754.0,35376.0,32645.0,16.0,6.0,1,32852.0,27636.765396661696,30255.756020208413,27073.876645733475,30818.644771136635,3744.7681254031595,False
CISO,2026-07-25 17:00:00,33256.0,32852.0,36123.0,33379.0,17.0,6.0,1,33256.0,30582.008595595526,33856.86341065733,30019.119844667304,34419.75216158555,4400.632316918247,True
CISO,2026-07-25 18:00:00,33613.0,33256.0,36364.0,32949.0,18.0,6.0,1,33613.0,30581.39500023553,33744.424323948406,30018.50624930731,34307.31307487663,4288.806825569318,True
CISO,2026-07-25 19:00:00,32823.0,33613.0,35944.0,32081.0,19.0,6.0,1,32823.0,30546.820657801087,33742.000423329206,29983.931906872866,34304.88917425743,4320.957267384561,True
CISO,2026-07-25 20:00:00,32234.0,32823.0,35065.0,32152.0,20.0,6.0,1,32234.0,30417.970834815813,33736.01128603347,29855.08208388759,34298.90003696169,4443.8179530741,True
CISO,2026-07-25 21:00:00,32437.0,32234.0,35738.0,31806.0,21.0,6.0,1,32437.0,28182.065280771858,32851.873894091186,27619.176529843637,33414.76264501941,5795.586115175771,True
CISO,2026-07-25 22:00:00,33796.0,32437.0,36974.0,32201.0,22.0,6.0,1,33796.0,28099.065534732643,32849.007354933754,27536.17678380442,33411.896105861975,5875.719322057554,False
CISO,2026-07-25 23:00:00,35504.0,33796.0,38444.0,33231.0,23.0,6.0,1,35504.0,26972.936439155306,33877.77339419033,26410.047688227085,34440.66214511855,8030.614456891464,False
CISO,2026-07-26 00:00:00,36461.0,35504.0,39464.0,33393.0,0.0,0.0,1,36461.0,30051.200512535204,35149.43699790214,29488.311761606983,35712.325748830364,6224.013987223381,False
CISO,2026-07-26 01:00:00,37532.0,36461.0,40517.0,34796.0,1.0,0.0,1,37532.0,30936.189144195636,35369.15960619529,30373.300393267415,35932.04835712351,5558.747963856094,False
CISO,2026-07-26 02:00:00,37968.0,37532.0,40478.0,35747.0,2.0,0.0,1,37968.0,30452.8780522814,35369.63462310397,29889.98930135318,35932.52337403219,6042.534072679013,False
CISO,2026-07-26 03:00:00,37439.0,37968.0,39596.0,35582.0,3.0,0.0,1,37439.0,30452.8780522814,35041.124424946094,29889.98930135318,35604.013175874315,5714.023874521135,False
CISO,2026-07-26 04:00:00,36453.0,37439.0,38446.0,34879.0,4.0,0.0,1,36453.0,30306.64954966417,34237.84143708531,29743.760798735948,34800.730188013535,5056.969389277587,False
CISO,2026-07-26 05:00:00,35257.0,36453.0,37396.0,34084.0,5.0,0.0,1,35257.0,30160.185528485552,33625.03131759004,29597.29677755733,34187.92006851826,4590.623290960928,False
CISO,2026-07-26 06:00:00,33090.0,35257.0,35353.0,32165.0,6.0,0.0,1,33090.0,29668.569683518308,33592.210510716584,29105.680932590087,34155.099261644806,5049.418329054719,True
CISO,2026-07-26 07:00:00,30945.0,33090.0,32614.0,29953.0,7.0,0.0,1,30945.0,29629.386601612237,33498.5837244429,29066.497850684016,34061.47247537112,4994.974624687104,True
CISO,2026-07-26 08:00:00,29374.0,30945.0,30661.0,28489.0,8.0,0.0,1,29374.0,28513.912499039023,30972.205452438873,27951.0237481108,31535.094203367094,3584.070455256293,True
CISO,2026-07-26 09:00:00,27897.0,29374.0,28957.0,26998.0,9.0,0.0,1,27897.0,27430.90991396997,29297.58042111655,26868.021163041747,29860.46917204477,2992.448009003023,True
CISO,2026-07-26 10:00:00,26437.0,27897.0,27584.0,25603.0,10.0,0.0,1,26437.0,26910.335105069615,27479.573230105074,26347.446354141393,28042.461981033295,1695.0156268919018,True
CISO,2026-07-26 11:00:00,25648.0,26437.0,26576.0,24629.0,11.0,0.0,1,25648.0,25032.643124923063,26374.141783105846,24469.75437399484,26937.030534034067,2467.276160039226,True
CISO,2026-07-26 12:00:00,25650.0,25648.0,25787.0,24087.0,12.0,0.0,1,25650.0,24331.977857291895,25131.129814789365,23769.089106363674,25694.018565717586,1924.9294593539125,True
CISO,2026-07-26 13:00:00,25026.0,25650.0,25628.0,23702.0,13.0,0.0,1,25026.0,24357.394023538473,24970.85418099484,23794.50527261025,25533.74293192306,1739.2376593128101,True
CISO,2026-07-26 14:00:00,24754.0,25026.0,26071.0,23601.0,14.0,0.0,1,24754.0,24153.413401726546,25611.000046226454,23590.524650798325,26173.888797154676,2583.364146356351,True
CISO,2026-07-26 15:00:00,27494.0,24754.0,28754.0,26129.0,15.0,0.0,1,27494.0,24640.6831246633,27656.73985377785,24077.79437373508,28219.62860470607,4141.8342309709915,True
CISO,2026-07-26 16:00:00,31583.0,27494.0,32852.0,29042.0,16.0,0.0,1,31583.0,27369.608602752014,29771.054883498255,26806.719851823793,30333.943634426476,3527.223782602683,False
CISO,2026-07-26 17:00:00,32546.0,31583.0,33256.0,30324.0,17.0,0.0,1,32546.0,30078.982483731786,32646.1565518662,29516.093732803565,33209.04530279442,3692.9515699908516,True
CISO,2026-07-26 18:00:00,32274.0,32546.0,33613.0,30846.0,18.0,0.0,1,32274.0,30062.25070531506,33818.09796077243,29499.361954386837,34380.98671170065,4881.6247573138135,True
CISO,2026-07-26 19:00:00,32150.0,32274.0,32823.0,31231.0,19.0,0.0,1,32150.0,30027.676362880615,32798.93159872758,29464.787611952393,33361.8203496558,3897.0327377034046,True
CISO,2026-07-26 20:00:00,31586.0,32150.0,32234.0,32090.0,20.0,0.0,1,31586.0,29970.932476401355,32455.673807944593,29408.043725473133,33018.562558872814,3610.518833399681,True
CISO,2026-07-26 21:00:00,30511.0,31586.0,32437.0,32561.0,21.0,0.0,1,30511.0,26923.402617403983,32339.1323501771,26360.51386647576,32902.02110110532,6541.5072346295565,True
CISO,2026-07-26 22:00:00,31172.0,30511.0,33796.0,32401.0,22.0,0.0,1,31172.0,27072.07192839066,31976.54558090156,26509.183177462437,32539.43433182978,6030.251154367343,True
CISO,2026-07-26 23:00:00,32923.0,31172.0,35504.0,33566.0,23.0,0.0,1,32923.0,26368.956914106253,32525.488195543912,25806.06816317803,33088.37694647213,7282.308783294102,True
CISO,2026-07-27 00:00:00,33461.0,32923.0,36461.0,34758.0,0.0,1.0,0,33461.0,30348.355802477887,35174.40434641433,29785.467051549665,35737.293097342554,5951.826045792888,True
CISO,2026-07-27 01:00:00,35751.0,33461.0,37532.0,36081.0,1.0,1.0,0,35751.0,31256.960798150456,35391.906560174386,30694.072047222235,35954.79531110261,5260.7232638803725,True
CISO,2026-07-27 02:00:00,37507.0,35751.0,37968.0,36720.0,2.0,1.0,0,37507.0,30782.782469148442,35387.46862529217,30219.89371822022,35950.35737622039,5730.463658000168,False
CISO,2026-07-27 03:00:00,37285.0,37507.0,37439.0,35222.0,3.0,1.0,0,37285.0,30782.782469148442,35079.85209298816,30219.89371822022,35642.740843916385,5422.847125696164,False
CISO,2026-07-27 04:00:00,36416.0,37285.0,36453.0,34667.0,4.0,1.0,0,36416.0,30683.125341622286,34288.5791061422,30120.236590694065,34851.46785707042,4731.231266376355,False
CISO,2026-07-27 05:00:00,35365.0,36416.0,35257.0,33730.0,5.0,1.0,0,35365.0,30562.23301296468,33667.34108855004,29999.34426203646,34230.22983947826,4230.885577441804,False
CISO,2026-07-27 06:00:00,33014.0,35365.0,33090.0,31582.0,6.0,1.0,0,33014.0,30013.377602912857,33630.62887262048,29450.488851984635,34193.5176235487,4743.028771564066,True
CISO,2026-07-27 07:00:00,30566.0,33014.0,30945.0,29184.0,7.0,1.0,0,30566.0,29787.290736160965,32555.760518128147,29224.401985232744,33118.64926905637,3894.2472838236245,True
CISO,2026-07-27 08:00:00,28992.0,30566.0,29374.0,28534.0,8.0,1.0,0,28992.0,28579.30320833,30153.04643383235,28016.414457401777,30715.935184760572,2699.520727358795,True
CISO,2026-07-27 09:00:00,27528.0,28992.0,27897.0,26750.0,9.0,1.0,0,27528.0,27380.163063878063,28499.78293488007,26817.27431294984,29062.67168580829,2245.3973728584497,True
CISO,2026-07-27 10:00:00,27221.0,27528.0,26437.0,25854.0,10.0,1.0,0,27221.0,26282.37551856429,27270.559892800302,25719.48676763607,27833.448643728523,2113.961876092453,True
CISO,2026-07-27 11:00:00,26864.0,27221.0,25648.0,25663.0,11.0,1.0,0,26864.0,25624.24991366818,26927.125610848565,25061.36116273996,27490.014361776786,2428.6531990368276,True
CISO,2026-07-27 12:00:00,26763.0,26864.0,25650.0,25509.0,12.0,1.0,0,26763.0,25661.28220213256,26453.93378415978,25098.393451204338,27016.822535088002,1918.4290838836641,True
CISO,2026-07-27 13:00:00,26486.0,26763.0,25026.0,26001.0,13.0,1.0,0,26486.0,25437.685092864223,26371.184444289152,24874.796341936002,26934.073195217374,2059.2768532813716,True
CISO,2026-07-27 14:00:00,27432.0,26486.0,24754.0,26365.0,14.0,1.0,0,27432.0,25570.487275998308,26677.85191695371,25007.598525070087,27240.74066788193,2233.1421428118447,False
CISO,2026-07-27 15:00:00,32633.0,27432.0,27494.0,28860.0,15.0,1.0,0,32633.0,26836.557356549034,28385.320408196123,26273.668605620813,28948.209159124344,2674.5405535035316,False
CISO,2026-07-27 16:00:00,36007.0,32633.0,31583.0,31246.0,16.0,1.0,0,36007.0,30468.224393548113,33122.49634042881,29905.33564261989,33685.38509135703,3780.049448737136,False
CISO,2026-07-27 17:00:00,36719.0,36007.0,32546.0,33578.0,17.0,1.0,0,36719.0,30484.807379660288,33950.509345864986,29921.918628732066,34513.39809679321,4591.479468061141,False
CISO,2026-07-27 18:00:00,36835.0,36719.0,32274.0,35030.0,18.0,1.0,0,36835.0,30484.143372403003,33538.685044707214,29921.25462147478,34101.573795635435,4180.319174160653,False
CISO,2026-07-27 19:00:00,35569.0,36835.0,32150.0,35904.0,19.0,1.0,0,35569.0,30449.316774522173,33538.637953689795,29886.42802359395,34101.526704618016,4215.098681024065,False
CISO,2026-07-27 20:00:00,33843.0,35569.0,31586.0,36581.0,20.0,1.0,0,33843.0,30363.39083151263,33121.336592408974,29800.502080584407,33684.225343337195,3883.7232627527883,False
CISO,2026-07-27 21:00:00,33743.0,33843.0,30511.0,37527.0,21.0,1.0,0,33743.0,28577.54380824752,33254.03671993807,28014.655057319298,33816.92547086629,5802.270413546994,True
CISO,2026-07-27 22:00:00,34894.0,33743.0,31172.0,38251.0,22.0,1.0,0,34894.0,28507.637269918854,33251.17018078064,27944.748518990633,33814.05893170886,5869.310412718227,False
CISO,2026-07-27 23:00:00,36106.0,34894.0,32923.0,38875.0,23.0,1.0,0,36106.0,27401.107373959734,33990.08382802821,26838.218623031513,34552.97257895643,7714.75395592492,False
CISO,2026-07-28 00:00:00,37467.0,36106.0,33461.0,38775.0,0.0,2.0,0,37467.0,30366.32242648031,35164.11159644034,29803.43367555209,35727.000347368565,5923.566671816476,False
CISO,2026-07-28 01:00:00,39087.0,37467.0,35751.0,38720.0,1.0,2.0,0,39087.0,31253.423829087496,35381.87853352593,30690.535078159275,35944.76728445415,5254.232206294877,False
CISO,2026-07-28 02:00:00,40085.0,39087.0,37507.0,38048.0,2.0,2.0,0,40085.0,30779.245500085482,35377.44059864371,30216.35674915726,35940.32934957193,5723.972600414672,False
CISO,2026-07-28 03:00:00,39392.0,40085.0,37285.0,37644.0,3.0,2.0,0,39392.0,30779.245500085482,35067.98243122947,30216.35674915726,35630.871182157694,5414.514433000433,False
CISO,2026-07-28 04:00:00,38174.0,39392.0,36416.0,37277.0,4.0,2.0,0,38174.0,30680.124001273878,34276.70944438351,30117.235250345657,34839.59819531173,4722.362944966073,False
CISO,2026-07-28 05:00:00,36776.0,38174.0,35365.0,36692.0,5.0,2.0,0,36776.0,30565.836365884024,33655.47142679135,30002.947614955803,34218.36017771957,4215.4125627637695,False
CISO,2026-07-28 06:00:00,34376.0,36776.0,33014.0,34632.0,6.0,2.0,0,34376.0,30018.972971943276,33618.12525998203,29456.084221015055,34181.01401091025,4724.929789895195,False
CISO,2026-07-28 07:00:00,31425.0,34376.0,30566.0,31972.0,7.0,2.0,0,31425.0,29749.20922517478,32481.118491536596,29186.32047424656,33044.00724246482,3857.6867682182565,True
CISO,2026-07-28 08:00:00,29666.0,31425.0,28992.0,30235.0,8.0,2.0,0,29666.0,30029.85867473322,30308.08221904529,29466.969923804998,30870.97096997351,1404.0010461685124,True
CISO,2026-07-28 09:00:00,28299.0,29666.0,27528.0,28922.0,9.0,2.0,0,28299.0,27574.748604016575,29585.490343146368,27011.859853088354,30148.37909407459,3136.5192409862357,True
CISO,2026-07-28 10:00:00,27270.0,28299.0,27221.0,27378.0,10.0,2.0,0,27270.0,26700.47466308698,27991.397465618855,26137.58591215876,28554.286216547076,2416.700304388316,True
CISO,2026-07-28 11:00:00,26595.0,27270.0,26864.0,26839.0,11.0,2.0,0,26595.0,25760.152852638596,27291.999748786984,25197.264101710374,27854.888499715205,2657.624398004831,True
CISO,2026-07-28 12:00:00,25993.0,26595.0,26763.0,26870.0,12.0,2.0,0,25993.0,25581.976449170605,26445.15956800133,25019.087698242383,27008.048318929552,1988.9606206871686,True
CISO,2026-07-28 13:00:00,26198.0,25993.0,26486.0,27101.0,13.0,2.0,0,26198.0,25136.836793490336,26261.57215516288,24573.948042562115,26824.460906091103,2250.5128635289875,True
CISO,2026-07-28 14:00:00,26976.0,26198.0,27432.0,27375.0,14.0,2.0,0,26976.0,25837.316213784638,26805.184728065295,25274.427462856416,27368.073478993516,2093.6460161370997,True
CISO,2026-07-28 15:00:00,31581.0,26976.0,32633.0,30100.0,15.0,2.0,0,31581.0,26483.258581837348,28941.00951372892,25920.369830909127,29503.898264657142,3583.5284337480152,False
CISO,2026-07-28 16:00:00,35151.0,31581.0,36007.0,31757.0,16.0,2.0,0,35151.0,30507.976661970668,32448.00194338442,29945.087911042447,33010.89069431264,3065.8027832701955,False
CISO,2026-07-28 17:00:00,35249.0,35151.0,36719.0,35332.0,17.0,2.0,0,35249.0,30472.05772455266,33940.966109041095,29909.168973624437,34503.85485996932,4594.68588634488,False
CISO,2026-07-28 18:00:00,35503.0,35249.0,36835.0,37256.0,18.0,2.0,0,35503.0,30471.393717295374,33855.1158001929,29908.504966367153,34418.00455112112,4509.4995847539685,False
CISO,2026-07-28 19:00:00,34164.0,35503.0,35569.0,37894.0,19.0,2.0,0,34164.0,30436.567119414543,33855.06870917548,29873.678368486322,34417.9574601037,4544.27909161738,True
CISO,2026-07-28 20:00:00,32622.0,34164.0,33843.0,39322.0,20.0,2.0,0,32622.0,30370.84928950153,33855.72489382314,29807.96053857331,34418.61364475136,4610.653106178055,True
CISO,2026-07-28 21:00:00,32460.0,32622.0,33743.0,38520.0,21.0,2.0,0,32460.0,28669.183758240455,34006.984741591164,28106.295007312234,34569.873492519386,6463.578485207152,True
CISO,2026-07-28 22:00:00,33268.0,32460.0,34894.0,38371.0,22.0,2.0,0,33268.0,28573.320419917152,32992.16488088765,28010.43166898893,33555.05363181587,5544.621962826939,True
CISO,2026-07-28 23:00:00,34899.0,33268.0,36106.0,39295.0,23.0,2.0,0,34899.0,27387.22664192026,33993.19442671588,26824.33789099204,34556.083177644105,7731.745286652065,False
CISO,2026-07-29 00:00:00,36922.0,34899.0,37467.0,40993.0,0.0,3.0,0,36922.0,30746.71886853288,35156.38193969405,30183.83011760466,35719.270690622274,5535.440573017615,False
CISO,2026-07-29 01:00:00,38939.0,36922.0,39087.0,41623.0,1.0,3.0,0,38939.0,31284.455786146762,35374.14887677964,30721.56703521854,35937.03762770786,5215.470592489321,False
CISO,2026-07-29 02:00:00,39800.0,38939.0,40085.0,41973.0,2.0,3.0,0,39800.0,30810.277457144748,35369.71094189742,30247.388706216527,35932.59969282564,5685.210986609116,False
CISO,2026-07-29 03:00:00,39116.0,39800.0,39392.0,41498.0,3.0,3.0,0,39116.0,30810.277457144748,35060.25277448318,30247.388706216527,35623.1415254114,5375.752819194877,False
CISO,2026-07-29 04:00:00,37985.0,39116.0,38174.0,40466.0,4.0,3.0,0,37985.0,30711.155958333144,34268.97978763722,30148.267207404922,34831.86853856544,4683.601331160517,False
CISO,2026-07-29 05:00:00,36661.0,37985.0,36776.0,39312.0,5.0,3.0,0,36661.0,30598.97321996824,33643.91376593483,30036.08446904002,34206.80251686305,4170.718047823029,False
CISO,2026-07-29 06:00:00,34254.0,36661.0,34376.0,36627.0,6.0,3.0,0,34254.0,30012.180809568163,33606.567599125505,29449.29205863994,34169.456350053726,4720.164291413785,False
CISO,2026-07-29 07:00:00,32154.0,34254.0,31425.0,34288.0,7.0,3.0,0,32154.0,29915.023493469307,32466.050184843156,29352.134742541086,33028.93893577138,3676.804193230295,True
CISO,2026-07-29 08:00:00,30118.0,32154.0,29666.0,32593.0,8.0,3.0,0,30118.0,30088.258462028996,30892.824377228437,29525.369711100775,31455.713128156658,1930.343417055883,True
CISO,2026-07-29 09:00:00,28590.0,30118.0,28299.0,30340.0,9.0,3.0,0,28590.0,28622.377972262977,29541.94739921818,28059.489221334756,30104.836150146402,2045.3469288116466,True
CISO,2026-07-29 10:00:00,27513.0,28590.0,27270.0,29221.0,10.0,3.0,0,27513.0,26902.233631577274,28624.532078930417,26339.344880649052,29187.420829858638,2848.075949209586,True
CISO,2026-07-29 11:00:00,26958.0,27513.0,26595.0,28160.0,11.0,3.0,0,26958.0,26514.109663844403,27347.98005800165,25951.220912916182,27910.86880892987,1959.6478960136883,True
CISO,2026-07-29 12:00:00,26217.0,26958.0,25993.0,27471.0,12.0,3.0,0,26217.0,25779.175453867036,26791.791332840963,25216.286702938814,27354.680083769184,2138.39338083037,True
CISO,2026-07-29 13:00:00,26130.0,26217.0,26198.0,27359.0,13.0,3.0,0,26130.0,25477.55671072089,26270.19928681693,24914.66795979267,26833.08803774515,1918.42007795248,True
CISO,2026-07-29 14:00:00,26909.0,26130.0,26976.0,28206.0,14.0,3.0,0,26909.0,25580.15954478782,26646.450924477846,25017.2707938596,27209.339675406067,2192.0688815464673,True
CISO,2026-07-29 15:00:00,30734.0,26909.0,31581.0,31794.0,15.0,3.0,0,30734.0,26432.683187518607,28652.115127415484,25869.794436590386,29215.003878343705,3345.209441753319,False
CISO,2026-07-29 16:00:00,34057.0,30734.0,35151.0,34936.0,16.0,3.0,0,34057.0,29319.378967814297,32345.669917090752,28756.490216886075,32908.55866801897,4152.068451132898,False
CISO,2026-07-29 17:00:00,34504.0,34057.0,35249.0,36575.0,17.0,3.0,0,34504.0,30483.403450059326,33944.13341724894,29920.514699131105,34507.02216817716,4586.507469046053,True
CISO,2026-07-29 18:00:00,34231.0,34504.0,35503.0,37386.0,18.0,3.0,0,34231.0,30482.73944280204,33847.90557377635,29919.85069187382,34410.79432470457,4490.943632830749,True
CISO,2026-07-29 19:00:00,34467.0,34231.0,34164.0,36962.0,19.0,3.0,0,34467.0,30447.91284492121,33847.85848275893,29885.02409399299,34410.74723368715,4525.723139694161,False
CISO,2026-07-29 20:00:00,33678.0,34467.0,32622.0,36569.0,20.0,3.0,0,33678.0,30337.80961536224,33848.51466740659,29774.920864434018,34411.40341833481,4636.482553900794,True
CISO,2026-07-29 21:00:00,33364.0,33678.0,32460.0,36402.0,21.0,3.0,0,33364.0,28636.144084101164,33673.079868250534,28073.255333172943,34235.968619178755,6162.713286005812,True
CISO,2026-07-29 22:00:00,34203.0,33364.0,33268.0,36257.0,22.0,3.0,0,34203.0,28492.83675752607,34004.11897018215,27929.94800659785,34567.00772111037,6637.059714512521,True
CISO,2026-07-29 23:00:00,35511.0,34203.0,34899.0,37356.0,23.0,3.0,0,35511.0,27306.74297952918,33993.1951944643,26743.854228600958,34556.08394539252,7812.229716791564,False
CISO,2026-07-30 00:00:00,36974.0,35511.0,36922.0,37674.0,0.0,4.0,0,36974.0,30903.232123122438,35155.73425716501,30340.343372194216,35718.62300809323,5378.279635899013,False
CISO,2026-07-30 01:00:00,38879.0,36974.0,38939.0,39026.0,1.0,4.0,0,38879.0,31463.433154320108,35373.501194250595,30900.544403391887,35936.38994517882,5035.84554178693,False
CISO,2026-07-30 02:00:00,39581.0,38879.0,39800.0,39311.0,2.0,4.0,0,39581.0,30994.05900506788,35369.06325936838,30431.17025413966,35931.9520102966,5500.781756156939,False
CISO,2026-07-30 03:00:00,39093.0,39581.0,39116.0,38695.0,3.0,4.0,0,39093.0,30994.05900506788,35059.60509195414,30431.17025413966,35622.49384288236,5191.3235887427,False
CISO,2026-07-30 04:00:00,37948.0,39093.0,37985.0,37711.0,4.0,4.0,0,37948.0,30894.937506256276,34268.33210510817,30332.048755328055,34831.220856036394,4499.17210070834,False
CISO,2026-07-30 05:00:00,36618.0,37948.0,36661.0,36865.0,5.0,4.0,0,36618.0,30793.951042397828,33643.26608340578,30231.062291469607,34206.154834334004,3975.092542864397,False
CISO,2026-07-30 06:00:00,34188.0,36618.0,34254.0,34532.0,6.0,4.0,0,34188.0,30237.52912185252,33605.91991659646,29674.6403709243,34168.80866752468,4494.168296600383,False
CISO,2026-07-30 07:00:00,31545.0,34188.0,32154.0,32057.0,7.0,4.0,0,31545.0,30169.55386228395,32968.92825475521,29606.665111355727,33531.81700568343,3925.1518943277006,True
CISO,2026-07-30 08:00:00,29915.0,31545.0,30118.0,30391.0,8.0,4.0,0,29915.0,30302.62870138082,30863.632733719205,29739.7399504526,31426.521484647426,1686.7815341948262,True
CISO,2026-07-30 09:00:00,28508.0,29915.0,28590.0,28885.0,9.0,4.0,0,28508.0,28711.004240681494,29745.002478658087,28148.115489753272,30307.89122958631,2159.775739833036,True
CISO,2026-07-30 10:00:00,27311.0,28508.0,27513.0,27623.0,10.0,4.0,0,27311.0,26965.313660524393,28507.030877970054,26402.42490959617,29069.919628898275,2667.4947193021035,True
CISO,2026-07-30 11:00:00,26380.0,27311.0,26958.0,26736.0,11.0,4.0,0,26380.0,25818.30721452721,27333.959550977386,25255.418463598988,27896.848301905608,2641.42983830662,True
CISO,2026-07-30 12:00:00,26151.0,26380.0,26217.0,26143.0,12.0,4.0,0,26151.0,25394.345774331963,26249.769470555093,24831.457023403742,26812.658221483314,1981.2011980795724,True
CISO,2026-07-30 13:00:00,26565.0,26151.0,26130.0,26428.0,13.0,4.0,0,26565.0,25212.346137454286,26145.297140626237,24649.457386526065,26708.185891554458,2058.7285050283936,True
CISO,2026-07-30 14:00:00,27343.0,26565.0,26909.0,27139.0,14.0,4.0,0,27343.0,25607.2459692279,26844.904491633773,25044.35721829968,27407.793242561995,2363.436024262315,True
CISO,2026-07-30 15:00:00,31627.0,27343.0,30734.0,32119.0,15.0,4.0,0,31627.0,26597.134724286036,28956.547824025933,26034.245973357814,29519.436574954154,3485.1906015963395,False
CISO,2026-07-30 16:00:00,35192.0,31627.0,34057.0,35499.0,16.0,4.0,0,35192.0,30741.783445823392,32445.923950353135,30178.89469489517,33008.81270128136,2829.918006386186,False
CISO,2026-07-30 17:00:00,35731.0,35192.0,34504.0,36093.0,17.0,4.0,0,35731.0,30703.281187427114,33966.62460943817,30140.392436498892,34529.51336036639,4389.1209238675,False
CISO,2026-07-30 18:00:00,35762.0,35731.0,34231.0,35448.0,18.0,4.0,0,35762.0,30702.61718016983,33860.63296246172,30139.728429241608,34423.52171338994,4283.793284148334,False
CISO,2026-07-30 19:00:00,35333.0,35762.0,34467.0,34361.0,19.0,4.0,0,35333.0,30667.790582289,33860.5858714443,30104.901831360778,34423.47462237252,4318.572791011746,False
